group,group_rationale,variable_key,label,skip_condition,explanation,scripts
Dumpsite / unknown-origin baby,DU = Dumpsite: baby found abandoned with no history. Maternal/birth history fields are structurally inapplicable.,ANSteroids,Antenatal steroids,$AdmReason != 'DU' | $AdmReason != 'DU' or $ReferredFrom2 != 'DU' | $NeoTreeOutcome = 'BID' | $NeoTreeOutcome = 'BID' and $TypeBID != 'DU',"Shown when admission reason is not Dumpsite (abandoned baby)
Shown when admission reason is not Dumpsite (abandoned baby) or referral source is not Dumpsite (abandoned baby)
Shown when patient outcome is Brought in dead (arrived deceased)
Shown when patient outcome is Brought in dead (arrived deceased), and type of BID case is not Dumpsite (abandoned baby)","Bindura Hospital Admission, Chinhoyi Provincial Hospital Admission, Kasungu District Hospital Neotree Discharge, NeoDischarge, Parirenyatwa Group of Hospitals Discharge, Sally Mugabe CH Admission, Sally Mugabe CH Discharge"
Dumpsite / unknown-origin baby,DU = Dumpsite: baby found abandoned with no history. Maternal/birth history fields are structurally inapplicable.,ANVDRL,Syphilis test? / Syphilis test? ,$AdmReason != 'DU' | $AdmReason != 'DU' or $ReferredFrom2 != 'DU' | $NeoTreeOutcome = 'BID' | $NeoTreeOutcome = 'BID' and $TypeBID != 'DU',"Shown when admission reason is not Dumpsite (abandoned baby)
Shown when admission reason is not Dumpsite (abandoned baby) or referral source is not Dumpsite (abandoned baby)
Shown when patient outcome is Brought in dead (arrived deceased)
Shown when patient outcome is Brought in dead (arrived deceased), and type of BID case is not Dumpsite (abandoned baby)","Bindura Hospital Admission, Chinhoyi Provincial Hospital Admission, Generic PHC Admission, Kasungu District Hospital Neotree Admission, Kasungu District Hospital Neotree Discharge, NeoDischarge, Neotree Admission, Parirenyatwa Group of Hospitals Admission, Parirenyatwa Group of Hospitals Discharge, Sally Mugabe CH Admission, Sally Mugabe CH Discharge"
Dumpsite / unknown-origin baby,DU = Dumpsite: baby found abandoned with no history. Maternal/birth history fields are structurally inapplicable.,AdmReaCongAnom,Reason for admission / presenting complaint - Congenital Anomalies,$AdmReason = 'Cong',Shown when admission reason is Other congenital abnormality,"Generic PHC Admission, Kasungu District Hospital Neotree Admission, Neotree Admission"
Dumpsite / unknown-origin baby,DU = Dumpsite: baby found abandoned with no history. Maternal/birth history fields are structurally inapplicable.,AdmReaSurgCond,Reason for admission / presenting complaint - Surgical Conditions,$AdmReason = 'OS',Shown when admission reason is Other Surgical Conditions,"Generic PHC Admission, Kasungu District Hospital Neotree Admission, Neotree Admission"
Dumpsite / unknown-origin baby,DU = Dumpsite: baby found abandoned with no history. Maternal/birth history fields are structurally inapplicable.,AdmReasonOth,If other what?,$AdmReason = 'O',Shown when admission reason is Other,"Bindura Hospital Admission, Parirenyatwa Group of Hospitals Admission"
Dumpsite / unknown-origin baby,DU = Dumpsite: baby found abandoned with no history. Maternal/birth history fields are structurally inapplicable.,AdmittedFrom,Admitted from / Where in KDH were they admitted from? / Where in PGH were they admitted from? / Where in PHC were they admitted from?,$InOrOut = 'In' | $InOrOut = true | $InOrOut = true and $TypeBID != 'DU' | $NeoTreeOutcome = 'BID' and $InOrOut = true,"Shown when admitted from within facility is Within PHC
Shown when admitted from within facility: Yes
Shown when admitted from within facility: Yes, and type of BID case is not Dumpsite (abandoned baby)
Shown when patient outcome is Brought in dead (arrived deceased), and admitted from within facility: Yes","Bindura Hospital Admission, Chinhoyi Provincial Hospital Admission, Generic PHC Admission, Kasungu District Hospital Neotree Admission, Kasungu District Hospital Neotree Discharge, NeoDischarge, Neotree Admission, Parirenyatwa Group of Hospitals Admission, Parirenyatwa Group of Hospitals Discharge, Sally Mugabe CH Admission, Sally Mugabe CH Discharge"
Dumpsite / unknown-origin baby,DU = Dumpsite: baby found abandoned with no history. Maternal/birth history fields are structurally inapplicable.,AntenatalCare,ANC visits / ANC visits ,$NeoTreeOutcome = 'BID' and $TypeBID != 'DU',"Shown when patient outcome is Brought in dead (arrived deceased), and type of BID case is not Dumpsite (abandoned baby)","Kasungu District Hospital Neotree Discharge, NeoDischarge"
Dumpsite / unknown-origin baby,DU = Dumpsite: baby found abandoned with no history. Maternal/birth history fields are structurally inapplicable.,Apgar1,Apgar Score at 1 min,!($AdmReason = 'BBA' or $AdmReason = 'DU' or $AdmReasonOth = 'BBA' or $AdmReasonOth = 'DU') | !($AdmReason = 'DU' or $AdmReason = 'BBA') | $AdmReason != 'BBA',"Shown when NOT (admission reason is Born Before Arrival or admission reason is Dumpsite (abandoned baby) or other admission reason is Born Before Arrival or other admission reason is Dumpsite (abandoned baby))
Shown when NOT (admission reason is Dumpsite (abandoned baby) or admission reason is Born Before Arrival)
Shown when admission reason is not Born Before Arrival","Bindura Hospital Admission, Bindura Hospital Discharge, Chinhoyi Provincial Hospital Admission, Chinhoyi Provincial Hospital Discharge, Generic PHC Admission, Parirenyatwa Group of Hospitals Admission, Parirenyatwa Group of Hospitals Discharge, Sally Mugabe CH Discharge"
Dumpsite / unknown-origin baby,DU = Dumpsite: baby found abandoned with no history. Maternal/birth history fields are structurally inapplicable.,Apgar5,Apgar Score at 5 min / Apgar Score at 5 mins,!($AdmReason = 'BBA' or $AdmReason = 'DU' or $AdmReasonOth = 'BBA' or $AdmReasonOth = 'DU') | !($AdmReason = 'DU' or $AdmReason = 'BBA') | $AdmReason != 'BBA',"Shown when NOT (admission reason is Born Before Arrival or admission reason is Dumpsite (abandoned baby) or other admission reason is Born Before Arrival or other admission reason is Dumpsite (abandoned baby))
Shown when NOT (admission reason is Dumpsite (abandoned baby) or admission reason is Born Before Arrival)
Shown when admission reason is not Born Before Arrival","Bindura Hospital Admission, Bindura Hospital Discharge, Chinhoyi Provincial Hospital Admission, Chinhoyi Provincial Hospital Discharge, Generic PHC Admission, Parirenyatwa Group of Hospitals Admission, Parirenyatwa Group of Hospitals Discharge, Sally Mugabe CH Discharge"
Dumpsite / unknown-origin baby,DU = Dumpsite: baby found abandoned with no history. Maternal/birth history fields are structurally inapplicable.,BF,Breast feeding initiated in delivery room?,!($AdmReasonOth = 'DU' or $AdmReason = 'DU'),Shown when NOT (other admission reason is Dumpsite (abandoned baby) or admission reason is Dumpsite (abandoned baby)),Parirenyatwa Group of Hospitals Admission
Dumpsite / unknown-origin baby,DU = Dumpsite: baby found abandoned with no history. Maternal/birth history fields are structurally inapplicable.,BabyFirst,Baby's First Name,$AdmReason != 'DU' | $AdmReason != 'DUM',"Shown when admission reason is not Dumpsite (abandoned baby)
Shown when admission reason is not Abandoned baby","Generic PHC Admission, Parirenyatwa Group of Hospitals Admission"
Dumpsite / unknown-origin baby,DU = Dumpsite: baby found abandoned with no history. Maternal/birth history fields are structurally inapplicable.,BabyHospNum,Baby's Hospital Number,$AdmReason != 'DU',Shown when admission reason is not Dumpsite (abandoned baby),Parirenyatwa Group of Hospitals Admission
Dumpsite / unknown-origin baby,DU = Dumpsite: baby found abandoned with no history. Maternal/birth history fields are structurally inapplicable.,BabyLast,Baby's Surname,$AdmReason != 'DU' | $AdmReason != 'DUM',"Shown when admission reason is not Dumpsite (abandoned baby)
Shown when admission reason is not Abandoned baby","Generic PHC Admission, Parirenyatwa Group of Hospitals Admission"
Dumpsite / unknown-origin baby,DU = Dumpsite: baby found abandoned with no history. Maternal/birth history fields are structurally inapplicable.,BirthPlace,Place of birth,$AdmReason ! = 'DU',Shown when admission reason is not Dumpsite (abandoned baby),Sally Mugabe CH Discharge
Dumpsite / unknown-origin baby,DU = Dumpsite: baby found abandoned with no history. Maternal/birth history fields are structurally inapplicable.,BirthPlaceSame,Birth place same?,$InOrOut = true or ($InOrOut = false and $ReferredFrom2 = 'F') or ($InOrOut = false and $ReferredFrom2 = 'F' and $ReferredFrom = 'O') | $NeoTreeOutcome = 'BID' and $TypeBID != 'DU' | $NeoTreeOutcome = 'BID' and ($InOrOut = true or ($InOrOut = false and $ReferredFrom2 = 'F') or ($InOrOut = false and $ReferredFrom2 = 'F' and $ReferredFrom = 'O')),"Shown when admitted from within facility: Yes or admitted from within facility: No, and referral source is Other Facility or admitted from within facility: No, and referral source is Other Facility, and referred from is Other
Shown when patient outcome is Brought in dead (arrived deceased), and type of BID case is not Dumpsite (abandoned baby)
Shown when patient outcome is Brought in dead (arrived deceased), and admitted from within facility: Yes or admitted from within facility: No, and referral source is Other Facility or admitted from within facility: No, and referral source is Other Facility, and referred from is Other","Bindura Hospital Admission, Chinhoyi Provincial Hospital Admission, Kasungu District Hospital Neotree Discharge, NeoDischarge, Neotree Admission, Parirenyatwa Group of Hospitals Discharge, Sally Mugabe CH Admission, Sally Mugabe CH Discharge"
Dumpsite / unknown-origin baby,DU = Dumpsite: baby found abandoned with no history. Maternal/birth history fields are structurally inapplicable.,BirthWeight,Birth Weight (g) / Birth weight (g),$AdmReason != 'DU' | $AdmReason != 'DUM' | $TypeBID != 'DU',"Shown when admission reason is not Dumpsite (abandoned baby)
Shown when admission reason is not Abandoned baby
Shown when type of BID case is not Dumpsite (abandoned baby)","Generic PHC Admission, Kasungu District Hospital Neotree Discharge, NeoDischarge, Parirenyatwa Group of Hospitals Admission, Sally Mugabe CH Discharge"
Dumpsite / unknown-origin baby,DU = Dumpsite: baby found abandoned with no history. Maternal/birth history fields are structurally inapplicable.,CPAP,CPAP in delivery suite?,!($AdmReasonOth = 'DU' or $AdmReason = 'DU'),Shown when NOT (other admission reason is Dumpsite (abandoned baby) or admission reason is Dumpsite (abandoned baby)),Parirenyatwa Group of Hospitals Admission
Dumpsite / unknown-origin baby,DU = Dumpsite: baby found abandoned with no history. Maternal/birth history fields are structurally inapplicable.,CordDelay,Delayed cord clamping (greater than 60s)?,!($AdmReasonOth = 'DU' or $AdmReason = 'DU'),Shown when NOT (other admission reason is Dumpsite (abandoned baby) or admission reason is Dumpsite (abandoned baby)),Parirenyatwa Group of Hospitals Admission
Dumpsite / unknown-origin baby,DU = Dumpsite: baby found abandoned with no history. Maternal/birth history fields are structurally inapplicable.,DOBTOB,Date and Time of Birth / Date and Time of birth / Date and Time of birth ,$AdmReason != 'DU' | $DOBYN = 'Y',"Shown when admission reason is not Dumpsite (abandoned baby)
Shown when date of birth known is Yes","Bindura Hospital Admission, Chinhoyi Provincial Hospital Admission, Generic PHC Admission, Kasungu District Hospital Neotree Admission, Neotree Admission, Parirenyatwa Group of Hospitals Admission, Sally Mugabe CH Admission, Sally Mugabe CH Discharge"
Dumpsite / unknown-origin baby,DU = Dumpsite: baby found abandoned with no history. Maternal/birth history fields are structurally inapplicable.,DelivInter,Delivery interventions,$AdmReason != 'DU' or $ReferredFrom2 != 'DU' | $AdmReason != 'DUM' or $ReferredFrom2 != 'DU',"Shown when admission reason is not Dumpsite (abandoned baby) or referral source is not Dumpsite (abandoned baby)
Shown when admission reason is not Abandoned baby or referral source is not Dumpsite (abandoned baby)","Chinhoyi Provincial Hospital Admission, Generic PHC Admission, Sally Mugabe CH Admission"
Dumpsite / unknown-origin baby,DU = Dumpsite: baby found abandoned with no history. Maternal/birth history fields are structurally inapplicable.,DiscCovidRisk,Covid-19 Risk,$NeoTreeOutcome = 'BID' and $TypeBID != 'DU',"Shown when patient outcome is Brought in dead (arrived deceased), and type of BID case is not Dumpsite (abandoned baby)","Kasungu District Hospital Neotree Discharge, NeoDischarge"
Dumpsite / unknown-origin baby,DU = Dumpsite: baby found abandoned with no history. Maternal/birth history fields are structurally inapplicable.,DurationLab,Duration of Labour (Hours) / Labour duration (Hrs from 4cm to delivering a baby),!$AdmReason = 'BBA' | $ModeDelivery = '1' or $ModeDelivery = '2' or $ModeDelivery = '3' or $ModeDelivery = '5' or $ModeDelivery = '6',"Shown when admission reason is not Born Before Arrival
Shown when mode of delivery is Spontaneous Vaginal Delivery (SVD) or mode of delivery is Vacuum extraction or mode of delivery is Forceps extraction or mode of delivery is Emergency Caesarian Section (EMCS) or mode of delivery is Breech extraction (vaginal)","Generic PHC Admission, Parirenyatwa Group of Hospitals Admission"
Dumpsite / unknown-origin baby,DU = Dumpsite: baby found abandoned with no history. Maternal/birth history fields are structurally inapplicable.,Ethnicity,Ethnicity,$AdmReason != 'DU' | $NeoTreeOutcome = 'BID' and $TypeBID != 'DU',"Shown when admission reason is not Dumpsite (abandoned baby)
Shown when patient outcome is Brought in dead (arrived deceased), and type of BID case is not Dumpsite (abandoned baby)","Generic PHC Admission, Kasungu District Hospital Neotree Admission, Kasungu District Hospital Neotree Discharge, NeoDischarge, Neotree Admission"
Dumpsite / unknown-origin baby,DU = Dumpsite: baby found abandoned with no history. Maternal/birth history fields are structurally inapplicable.,FeFo,Iron & Folate / Iron & Folate ,$NeoTreeOutcome = 'BID' and $TypeBID != 'DU',"Shown when patient outcome is Brought in dead (arrived deceased), and type of BID case is not Dumpsite (abandoned baby)","Kasungu District Hospital Neotree Discharge, NeoDischarge"
Dumpsite / unknown-origin baby,DU = Dumpsite: baby found abandoned with no history. Maternal/birth history fields are structurally inapplicable.,FoeDist,Was the Foetal Distress,!($AdmReasonOth = 'DU' or $AdmReason = 'DU'),Shown when NOT (other admission reason is Dumpsite (abandoned baby) or admission reason is Dumpsite (abandoned baby)),Parirenyatwa Group of Hospitals Admission
Dumpsite / unknown-origin baby,DU = Dumpsite: baby found abandoned with no history. Maternal/birth history fields are structurally inapplicable.,FoeHrtDoc,Have fetal heart recordings been documented?,!($AdmReasonOth = 'DU' or $AdmReason = 'DU'),Shown when NOT (other admission reason is Dumpsite (abandoned baby) or admission reason is Dumpsite (abandoned baby)),Parirenyatwa Group of Hospitals Admission
Dumpsite / unknown-origin baby,DU = Dumpsite: baby found abandoned with no history. Maternal/birth history fields are structurally inapplicable.,GSCvsOM,Which abdominal wall defect?,$AdmReason = 'GSchis' or $AdmReason = 'Omph' or $Abdomen = 'Defect' | $AdmReason = 'GSchis' or $AdmReason = 'Omph' or $Abdomen = 'GSchisOmph',"Shown when admission reason is Gastroschisis or admission reason is Exomphalos / Omphalocele or abdominal findings is Abdominal wall defect
Shown when admission reason is Gastroschisis or admission reason is Exomphalos / Omphalocele or abdominal findings is Gastroschisis or Omphalocele","Bindura Hospital Admission, Chinhoyi Provincial Hospital Admission, Generic PHC Admission, Kasungu District Hospital Neotree Admission, Neotree Admission, Parirenyatwa Group of Hospitals Admission, Sally Mugabe CH Admission"
Dumpsite / unknown-origin baby,DU = Dumpsite: baby found abandoned with no history. Maternal/birth history fields are structurally inapplicable.,Gestation,Gestation at birth (weeks.days),$AdmReason != 'DU',Shown when admission reason is not Dumpsite (abandoned baby),Sally Mugabe CH Discharge
Dumpsite / unknown-origin baby,DU = Dumpsite: baby found abandoned with no history. Maternal/birth history fields are structurally inapplicable.,Grav,Gravidity (number of pregnancies incl this pregnancy),$AdmReason != 'DU',Shown when admission reason is not Dumpsite (abandoned baby),Parirenyatwa Group of Hospitals Admission
Dumpsite / unknown-origin baby,DU = Dumpsite: baby found abandoned with no history. Maternal/birth history fields are structurally inapplicable.,IPT,IPT,$AdmReason != 'DU' | $NeoTreeOutcome = 'BID' and $TypeBID != 'DU',"Shown when admission reason is not Dumpsite (abandoned baby)
Shown when patient outcome is Brought in dead (arrived deceased), and type of BID case is not Dumpsite (abandoned baby)","Generic PHC Admission, Kasungu District Hospital Neotree Admission, Kasungu District Hospital Neotree Discharge, NeoDischarge, Neotree Admission"
Dumpsite / unknown-origin baby,DU = Dumpsite: baby found abandoned with no history. Maternal/birth history fields are structurally inapplicable.,I_KMC,Was IKMC completed - at least 90mins continuous skin to skin contact from delivery,!($AdmReasonOth = 'DU' or $AdmReason = 'DU'),Shown when NOT (other admission reason is Dumpsite (abandoned baby) or admission reason is Dumpsite (abandoned baby)),Parirenyatwa Group of Hospitals Admission
Dumpsite / unknown-origin baby,DU = Dumpsite: baby found abandoned with no history. Maternal/birth history fields are structurally inapplicable.,InOrOut,Admitted from KCH? / Admitted from PGH? / Admitted from SMCH?,$NeoTreeOutcome = 'BID' | $NeoTreeOutcome = 'BID' and $TypeBID != 'DU',"Shown when patient outcome is Brought in dead (arrived deceased)
Shown when patient outcome is Brought in dead (arrived deceased), and type of BID case is not Dumpsite (abandoned baby)","Kasungu District Hospital Neotree Discharge, NeoDischarge, Parirenyatwa Group of Hospitals Discharge, Sally Mugabe CH Discharge"
Dumpsite / unknown-origin baby,DU = Dumpsite: baby found abandoned with no history. Maternal/birth history fields are structurally inapplicable.,LChild,Children still alive,$AdmReason != 'DU',Shown when admission reason is not Dumpsite (abandoned baby),Parirenyatwa Group of Hospitals Admission
Dumpsite / unknown-origin baby,DU = Dumpsite: baby found abandoned with no history. Maternal/birth history fields are structurally inapplicable.,MaritalStat,Marital status / Mother's marital status,$AdmReason != 'DU' | $AdmReason != 'DU' or $ReferredFrom2 != 'DU' | $NeoTreeOutcome = 'BID' | $NeoTreeOutcome = 'BID' and $TypeBID != 'DU',"Shown when admission reason is not Dumpsite (abandoned baby)
Shown when admission reason is not Dumpsite (abandoned baby) or referral source is not Dumpsite (abandoned baby)
Shown when patient outcome is Brought in dead (arrived deceased)
Shown when patient outcome is Brought in dead (arrived deceased), and type of BID case is not Dumpsite (abandoned baby)","Bindura Hospital Admission, Chinhoyi Provincial Hospital Admission, Generic PHC Admission, Kasungu District Hospital Neotree Admission, Kasungu District Hospital Neotree Discharge, NeoDischarge, Neotree Admission, Parirenyatwa Group of Hospitals Admission, Parirenyatwa Group of Hospitals Discharge, Sally Mugabe CH Admission, Sally Mugabe CH Discharge"
Dumpsite / unknown-origin baby,DU = Dumpsite: baby found abandoned with no history. Maternal/birth history fields are structurally inapplicable.,MatAdm,Maternal Admission,$AdmReason != 'DU' | $AdmReason != 'DU' or $ReferredFrom2 != 'DU',"Shown when admission reason is not Dumpsite (abandoned baby)
Shown when admission reason is not Dumpsite (abandoned baby) or referral source is not Dumpsite (abandoned baby)","Bindura Hospital Admission, Chinhoyi Provincial Hospital Admission, Sally Mugabe CH Admission"
Dumpsite / unknown-origin baby,DU = Dumpsite: baby found abandoned with no history. Maternal/birth history fields are structurally inapplicable.,MatAgeYrs,Age Of Mother (yrs) / Age of Mother (yrs),$AdmReason != 'DU' | $MotherDOBYN = 'N',"Shown when admission reason is not Dumpsite (abandoned baby)
Shown when mother's DOB known is No","Bindura Hospital Admission, Chinhoyi Provincial Hospital Admission, Generic PHC Admission, Parirenyatwa Group of Hospitals Admission, Sally Mugabe CH Admission"
Dumpsite / unknown-origin baby,DU = Dumpsite: baby found abandoned with no history. Maternal/birth history fields are structurally inapplicable.,MatBldGrpYN,Do you know the Mother's Blood Group?,$AdmReason != 'DU',Shown when admission reason is not Dumpsite (abandoned baby),Parirenyatwa Group of Hospitals Admission
Dumpsite / unknown-origin baby,DU = Dumpsite: baby found abandoned with no history. Maternal/birth history fields are structurally inapplicable.,MatHIVtest,Has the mother ever had an PMTCT test? / Has the mother had an HIV test? / Mother had HIV test?,$AdmReason != 'DU' | $AdmReason != 'DU' or $ReferredFrom2 != 'DU' | $NeoTreeOutcome != 'BID' | $NeoTreeOutcome = 'BID' | $NeoTreeOutcome = 'BID' and $TypeBID != 'DU',"Shown when admission reason is not Dumpsite (abandoned baby)
Shown when admission reason is not Dumpsite (abandoned baby) or referral source is not Dumpsite (abandoned baby)
Shown when patient outcome is not Brought in dead (arrived deceased)
Shown when patient outcome is Brought in dead (arrived deceased)
Shown when patient outcome is Brought in dead (arrived deceased), and type of BID case is not Dumpsite (abandoned baby)","Bindura Hospital Admission, Generic PHC Admission, Kasungu District Hospital Neotree Admission, Kasungu District Hospital Neotree Discharge, NeoDischarge, Neotree Admission, Parirenyatwa Group of Hospitals Admission, Parirenyatwa Group of Hospitals Discharge, Sally Mugabe CH Admission, Sally Mugabe CH Discharge"
Dumpsite / unknown-origin baby,DU = Dumpsite: baby found abandoned with no history. Maternal/birth history fields are structurally inapplicable.,MatHospNum,Mother's Hospital Number,$AdmReason != 'DU',Shown when admission reason is not Dumpsite (abandoned baby),Parirenyatwa Group of Hospitals Admission
Dumpsite / unknown-origin baby,DU = Dumpsite: baby found abandoned with no history. Maternal/birth history fields are structurally inapplicable.,MecPresent,Meconium present?,$AdmReason != 'DU' | $NeoTreeOutcome = 'BID' | $NeoTreeOutcome = 'BID' and $TypeBID != 'DU',"Shown when admission reason is not Dumpsite (abandoned baby)
Shown when patient outcome is Brought in dead (arrived deceased)
Shown when patient outcome is Brought in dead (arrived deceased), and type of BID case is not Dumpsite (abandoned baby)","Generic PHC Admission, Kasungu District Hospital Neotree Admission, Kasungu District Hospital Neotree Discharge, NeoDischarge, Neotree Admission, Parirenyatwa Group of Hospitals Discharge, Sally Mugabe CH Discharge"
Dumpsite / unknown-origin baby,DU = Dumpsite: baby found abandoned with no history. Maternal/birth history fields are structurally inapplicable.,MgSO4,Has the mother received Magnesium sulphate (MgSo4),!($AdmReasonOth = 'DU' or $AdmReason = 'DU'),Shown when NOT (other admission reason is Dumpsite (abandoned baby) or admission reason is Dumpsite (abandoned baby)),Parirenyatwa Group of Hospitals Admission
Dumpsite / unknown-origin baby,DU = Dumpsite: baby found abandoned with no history. Maternal/birth history fields are structurally inapplicable.,ModeDelivery,Mode of Delivery,$AdmReason ! = 'DU' | $DidMotherGaveBirth = 'Y' | $TypeBID != 'DU',"Shown when admission reason is not Dumpsite (abandoned baby)
Shown when mother gave birth at this facility is Yes
Shown when type of BID case is not Dumpsite (abandoned baby)","DHIS2 Mat Outcomes (Retro Data) - Malawi, Kasungu District Hospital Neotree Discharge, Maternal Outcomes (Retrospective Data) - Malawi, NeoDischarge, Sally Mugabe CH Discharge"
Dumpsite / unknown-origin baby,DU = Dumpsite: baby found abandoned with no history. Maternal/birth history fields are structurally inapplicable.,MotherDOBYN,Do you know the mother's date of birth?,$AdmReason != 'DUM',Shown when admission reason is not Abandoned baby,Generic PHC Admission
Dumpsite / unknown-origin baby,DU = Dumpsite: baby found abandoned with no history. Maternal/birth history fields are structurally inapplicable.,MotherFirstName,Mother's First Name,$AdmReason != 'DU' | $AdmReason != 'DUM',"Shown when admission reason is not Dumpsite (abandoned baby)
Shown when admission reason is not Abandoned baby","Bindura Hospital Admission, Chinhoyi Provincial Hospital Admission, Generic PHC Admission, Kasungu District Hospital Neotree Admission, Neotree Admission, Parirenyatwa Group of Hospitals Admission, Sally Mugabe CH Admission"
Dumpsite / unknown-origin baby,DU = Dumpsite: baby found abandoned with no history. Maternal/birth history fields are structurally inapplicable.,MotherSurname,Mother's Surname / Mother's Surname ,$AdmReason != 'DU' | $AdmReason != 'DUM',"Shown when admission reason is not Dumpsite (abandoned baby)
Shown when admission reason is not Abandoned baby","Bindura Hospital Admission, Chinhoyi Provincial Hospital Admission, Generic PHC Admission, Kasungu District Hospital Neotree Admission, Neotree Admission, Parirenyatwa Group of Hospitals Admission, Sally Mugabe CH Admission"
Dumpsite / unknown-origin baby,DU = Dumpsite: baby found abandoned with no history. Maternal/birth history fields are structurally inapplicable.,OtherReferralFacility,Name of Facility,$InOrOut = 'Out' and $ReferredFrom2 = 'F' and $ReferredFrom = 'O',"Shown when admitted from within facility is Outside PHC, and referral source is Other Facility, and referred from is Other","Generic PHC Admission, Kasungu District Hospital Neotree Admission, Parirenyatwa Group of Hospitals Admission"
Dumpsite / unknown-origin baby,DU = Dumpsite: baby found abandoned with no history. Maternal/birth history fields are structurally inapplicable.,PAR,Maternal Parity / Parity (number of deliveries >24weeks alive/dead),$AdmReason != 'DU' | $AdmReason != 'DUM',"Shown when admission reason is not Dumpsite (abandoned baby)
Shown when admission reason is not Abandoned baby","Bindura Hospital Admission, Chinhoyi Provincial Hospital Admission, Generic PHC Admission, Parirenyatwa Group of Hospitals Admission, Sally Mugabe CH Admission"
Dumpsite / unknown-origin baby,DU = Dumpsite: baby found abandoned with no history. Maternal/birth history fields are structurally inapplicable.,PlaceBirth,Place of Birth / Place of birth,!($BirthPlaceSame = 'Y' or $AdmReasonOth = 'DU' or $AdmReason = 'DU') | $BirthPlaceSame = 'N' | $BirthPlaceSame = false | $BirthPlaceSame = false or ($InOrOut = false and $ReferredFrom2 = 'H') | $NeoTreeOutcome = 'BID' and ($BirthPlaceSame = false or ($InOrOut = false and $ReferredFrom2 = 'H')),"Shown when NOT (birth place same as current facility is Yes or other admission reason is Dumpsite (abandoned baby) or admission reason is Dumpsite (abandoned baby))
Shown when birth place same as current facility is No
Shown when birth place same as current facility: No
Shown when birth place same as current facility: No or admitted from within facility: No, and referral source is Home
Shown when patient outcome is Brought in dead (arrived deceased), and birth place same as current facility: No or admitted from within facility: No, and referral source is Home","Bindura Hospital Admission, Chinhoyi Provincial Hospital Admission, Generic PHC Admission, Kasungu District Hospital Neotree Admission, Kasungu District Hospital Neotree Discharge, NeoDischarge, Neotree Admission, Parirenyatwa Group of Hospitals Admission, Parirenyatwa Group of Hospitals Discharge, Sally Mugabe CH Admission, Sally Mugabe CH Discharge"
Dumpsite / unknown-origin baby,DU = Dumpsite: baby found abandoned with no history. Maternal/birth history fields are structurally inapplicable.,PregConditions,Medical conditions in pregnancy,$AdmReason != 'DU' | $AdmReason != 'DU' or $ReferredFrom2 != 'DU' | $NeoTreeOutcome = 'BID' | $NeoTreeOutcome = 'BID' and $TypeBID != 'DU',"Shown when admission reason is not Dumpsite (abandoned baby)
Shown when admission reason is not Dumpsite (abandoned baby) or referral source is not Dumpsite (abandoned baby)
Shown when patient outcome is Brought in dead (arrived deceased)
Shown when patient outcome is Brought in dead (arrived deceased), and type of BID case is not Dumpsite (abandoned baby)","Bindura Hospital Admission, Chinhoyi Provincial Hospital Admission, Generic PHC Admission, Kasungu District Hospital Neotree Admission, Kasungu District Hospital Neotree Discharge, NeoDischarge, Neotree Admission, Parirenyatwa Group of Hospitals Admission, Parirenyatwa Group of Hospitals Discharge, Sally Mugabe CH Admission, Sally Mugabe CH Discharge"
Dumpsite / unknown-origin baby,DU = Dumpsite: baby found abandoned with no history. Maternal/birth history fields are structurally inapplicable.,PresComOth,What other presenting complaint?,$AdmReason = 'OTH' | $PresCom = 'O',"Shown when admission reason is Other
Shown when presentation complications is Other","Bindura Hospital Discharge, Chinhoyi Provincial Hospital Discharge, Parirenyatwa Group of Hospitals Discharge"
Dumpsite / unknown-origin baby,DU = Dumpsite: baby found abandoned with no history. Maternal/birth history fields are structurally inapplicable.,Presentation,Presentation,$TypeBID != 'DU',Shown when type of BID case is not Dumpsite (abandoned baby),"Kasungu District Hospital Neotree Discharge, NeoDischarge"
Dumpsite / unknown-origin baby,DU = Dumpsite: baby found abandoned with no history. Maternal/birth history fields are structurally inapplicable.,ProbsLab,Problems in Labour / Problems in Labour ,$AdmReason != 'DU' | $AdmReason != 'DU' or $ReferredFrom2 != 'DU' | $AdmReason != 'DUM' | $NeoTreeOutcome = 'BID' | $NeoTreeOutcome = 'BID' and $TypeBID != 'DU',"Shown when admission reason is not Dumpsite (abandoned baby)
Shown when admission reason is not Dumpsite (abandoned baby) or referral source is not Dumpsite (abandoned baby)
Shown when admission reason is not Abandoned baby
Shown when patient outcome is Brought in dead (arrived deceased)
Shown when patient outcome is Brought in dead (arrived deceased), and type of BID case is not Dumpsite (abandoned baby)","Bindura Hospital Admission, Chinhoyi Provincial Hospital Admission, Generic PHC Admission, Kasungu District Hospital Neotree Admission, Kasungu District Hospital Neotree Discharge, NeoDischarge, Neotree Admission, Parirenyatwa Group of Hospitals Admission, Parirenyatwa Group of Hospitals Discharge, Sally Mugabe CH Admission, Sally Mugabe CH Discharge"
Dumpsite / unknown-origin baby,DU = Dumpsite: baby found abandoned with no history. Maternal/birth history fields are structurally inapplicable.,RFSepsis,Risk Factors for Sepsis / Risk Factors for Sepsis ,$AdmReason != 'DU' | $AdmReason != 'DU' or $ReferredFrom2 != 'DU' | $AdmReason != 'DUM' | $NeoTreeOutcome = 'BID' | $NeoTreeOutcome = 'BID' and $TypeBID != 'DU',"Shown when admission reason is not Dumpsite (abandoned baby)
Shown when admission reason is not Dumpsite (abandoned baby) or referral source is not Dumpsite (abandoned baby)
Shown when admission reason is not Abandoned baby
Shown when patient outcome is Brought in dead (arrived deceased)
Shown when patient outcome is Brought in dead (arrived deceased), and type of BID case is not Dumpsite (abandoned baby)","Bindura Hospital Admission, Chinhoyi Provincial Hospital Admission, Generic PHC Admission, Kasungu District Hospital Neotree Admission, Kasungu District Hospital Neotree Discharge, NeoDischarge, Neotree Admission, Parirenyatwa Group of Hospitals Admission, Parirenyatwa Group of Hospitals Discharge, Sally Mugabe CH Admission, Sally Mugabe CH Discharge"
Dumpsite / unknown-origin baby,DU = Dumpsite: baby found abandoned with no history. Maternal/birth history fields are structurally inapplicable.,ROMLength,How long between ROM and birth?,!$AdmReason = 'BBA' | $ROM = 'Nat' | $ROM = 'Y',"Shown when admission reason is not Born Before Arrival
Shown when rupture of membranes is Spontaneous
Shown when rupture of membranes is Yes","Generic PHC Admission, Kasungu District Hospital Neotree Admission, Kasungu District Hospital Neotree Discharge, NeoDischarge, Neotree Admission, Parirenyatwa Group of Hospitals Discharge, Sally Mugabe CH Discharge"
Dumpsite / unknown-origin baby,DU = Dumpsite: baby found abandoned with no history. Maternal/birth history fields are structurally inapplicable.,RPR,Has the mother had an RPR test?,$AdmReason != 'DU',Shown when admission reason is not Dumpsite (abandoned baby),Parirenyatwa Group of Hospitals Admission
Dumpsite / unknown-origin baby,DU = Dumpsite: baby found abandoned with no history. Maternal/birth history fields are structurally inapplicable.,RVI,Is the baby RVI exposed?,$AdmReason != 'DU',Shown when admission reason is not Dumpsite (abandoned baby),Parirenyatwa Group of Hospitals Admission
Dumpsite / unknown-origin baby,DU = Dumpsite: baby found abandoned with no history. Maternal/birth history fields are structurally inapplicable.,ReferredFrom,Name of Referring Facility / Name of referring Facility / Name of referring facility,$InOrOut = 'Out' and $ReferredFrom2 = 'F' | $InOrOut = false and $ReferredFrom2 = 'F' | $NeoTreeOutcome = 'BID' and $InOrOut = false and $ReferredFrom2 = 'F | $NeoTreeOutcome = 'BID' and $InOrOut = false and $ReferredFrom2 = 'F' | $OutFacility = 'Oth' | $ReferredFrom2 = 'F',"Shown when admitted from within facility is Outside PHC, and referral source is Other Facility
Shown when admitted from within facility: No, and referral source is Other Facility
Shown when patient outcome is Brought in dead (arrived deceased), and admitted from within facility: No, and referral source is Other Facility
Shown when Where was the patient referred from is Other Facility
Shown when referral source is Other Facility","Bindura Hospital Admission, Chinhoyi Provincial Hospital Admission, DHIS2 Mat Outcomes (Retro Data) - Malawi, Generic PHC Admission, Kasungu District Hospital Neotree Admission, Kasungu District Hospital Neotree Discharge, Maternal Outcomes (Retrospective Data) - Malawi, NeoDischarge, Neotree Admission, Parirenyatwa Group of Hospitals Admission, Parirenyatwa Group of Hospitals Discharge, Sally Mugabe CH Admission, Sally Mugabe CH Discharge"
Dumpsite / unknown-origin baby,DU = Dumpsite: baby found abandoned with no history. Maternal/birth history fields are structurally inapplicable.,Religion,Mother's religion,$AdmReason != 'DU' | $AdmReason != 'DU' or $ReferredFrom2 != 'DU' | $NeoTreeOutcome = 'BID' | $NeoTreeOutcome = 'BID' and $TypeBID != 'DU',"Shown when admission reason is not Dumpsite (abandoned baby)
Shown when admission reason is not Dumpsite (abandoned baby) or referral source is not Dumpsite (abandoned baby)
Shown when patient outcome is Brought in dead (arrived deceased)
Shown when patient outcome is Brought in dead (arrived deceased), and type of BID case is not Dumpsite (abandoned baby)","Bindura Hospital Admission, Chinhoyi Provincial Hospital Admission, Generic PHC Admission, Kasungu District Hospital Neotree Admission, Kasungu District Hospital Neotree Discharge, NeoDischarge, Neotree Admission, Parirenyatwa Group of Hospitals Admission, Parirenyatwa Group of Hospitals Discharge, Sally Mugabe CH Admission, Sally Mugabe CH Discharge"
Dumpsite / unknown-origin baby,DU = Dumpsite: baby found abandoned with no history. Maternal/birth history fields are structurally inapplicable.,Resus,Resuscitation given,!($AdmReason = 'DU' or $ReferredFrom2 = 'DU') | $AdmReason != 'DU' | $AdmReason != 'DU' or $ReferredFrom2 != 'DU' | $NeoTreeOutcome = 'BID' | $NeoTreeOutcome = 'DC' or $NeoTreeOutcome = 'ABS' or $NeoTreeOutcome = 'TRH' or $NeoTreeOutcome = 'TRO' or $NeoTreeOutcome = 'NND<24' or $NeoTreeOutcome = 'NND>24' or $NeoTreeOutcome = 'DCR' or $NeoTreeOutcome = 'DPC' | $NeoTreeOutcome = 'DC' or $NeoTreeOutcome = 'ABS' or $NeoTreeOutcome = 'TRH' or $NeoTreeOutcome = 'TRO' or $NeoTreeOutcome = 'NND<24' or $NeoTreeOutcome = 'NND>24' or $NeoTreeOutcome = 'DCR' or $NeoTreeOutcome = 'DPC' or $NeoTreeOutcome = 'DCKMC',"Shown when NOT (admission reason is Dumpsite (abandoned baby) or referral source is Dumpsite (abandoned baby))
Shown when admission reason is not Dumpsite (abandoned baby)
Shown when admission reason is not Dumpsite (abandoned baby) or referral source is not Dumpsite (abandoned baby)
Shown when patient outcome is Brought in dead (arrived deceased)
Shown when patient outcome is Discharged or patient outcome is Absconded or patient outcome is Transferred to other hospital or patient outcome is Transferred to other ward or patient outcome is Death (at LESS than 24 hrs of age) or patient outcome is Death (at MORE than 24 hrs of age) or patient outcome is Discharged on Request or patient outcome is Discharge on Palliative Care
Shown when patient outcome is Discharged or patient outcome is Absconded or patient outcome is Transferred to other hospital or patient outcome is Transferred to other ward or patient outcome is Death (at LESS than 24 hrs of age) or patient outcome is Death (at MORE than 24 hrs of age) or patient outcome is Discharged on Request or patient outcome is Discharge on Palliative Care or patient outcome is Discharge on KMC","Bindura Hospital Admission, Chinhoyi Provincial Hospital Admission, Generic PHC Admission, Kasungu District Hospital Neotree Admission, Kasungu District Hospital Neotree Discharge, NeoDischarge, Neotree Admission, Parirenyatwa Group of Hospitals Admission, Parirenyatwa Group of Hospitals Discharge, Sally Mugabe CH Admission, Sally Mugabe CH Discharge"
Dumpsite / unknown-origin baby,DU = Dumpsite: baby found abandoned with no history. Maternal/birth history fields are structurally inapplicable.,S2SDR,Was skin to skin started in the delivery room?,!($AdmReasonOth = 'DU' or $AdmReason = 'DU'),Shown when NOT (other admission reason is Dumpsite (abandoned baby) or admission reason is Dumpsite (abandoned baby)),Parirenyatwa Group of Hospitals Admission
Dumpsite / unknown-origin baby,DU = Dumpsite: baby found abandoned with no history. Maternal/birth history fields are structurally inapplicable.,SURF,Surfactant in delivery room?,!($AdmReasonOth = 'DU' or $AdmReason = 'DU'),Shown when NOT (other admission reason is Dumpsite (abandoned baby) or admission reason is Dumpsite (abandoned baby)),Parirenyatwa Group of Hospitals Admission
Dumpsite / unknown-origin baby,DU = Dumpsite: baby found abandoned with no history. Maternal/birth history fields are structurally inapplicable.,TTV,TTV,$NeoTreeOutcome = 'BID' and $TypeBID != 'DU',"Shown when patient outcome is Brought in dead (arrived deceased), and type of BID case is not Dumpsite (abandoned baby)","Kasungu District Hospital Neotree Discharge, NeoDischarge"
Dumpsite / unknown-origin baby,DU = Dumpsite: baby found abandoned with no history. Maternal/birth history fields are structurally inapplicable.,Tribe,Mother's Tribe,$AdmReason != 'DU' | $NeoTreeOutcome = 'BID' and $TypeBID != 'DU',"Shown when admission reason is not Dumpsite (abandoned baby)
Shown when patient outcome is Brought in dead (arrived deceased), and type of BID case is not Dumpsite (abandoned baby)","Generic PHC Admission, Kasungu District Hospital Neotree Admission, Kasungu District Hospital Neotree Discharge, NeoDischarge, Neotree Admission"
Dumpsite / unknown-origin baby,DU = Dumpsite: baby found abandoned with no history. Maternal/birth history fields are structurally inapplicable.,TypeBirth,Type of Birth / Type of Birth	,$AdmReason != 'DU' | $AdmReason != 'DUM' | $DidMotherGaveBirth = 'Y' | $TypeBID != 'DU',"Shown when admission reason is not Dumpsite (abandoned baby)
Shown when admission reason is not Abandoned baby
Shown when mother gave birth at this facility is Yes
Shown when type of BID case is not Dumpsite (abandoned baby)","DHIS2 Mat Outcomes (Retro Data) - Malawi, Generic PHC Admission, Kasungu District Hospital Neotree Discharge, Maternal Outcomes (Retrospective Data) - Malawi, NeoDischarge, Parirenyatwa Group of Hospitals Admission"
Brought In Dead (BID) — outcome routing,BID = Brought In Dead: the baby arrived at the facility already deceased. The form routes to a specific set of fields for BID cases, hiding fields that are only relevant for live admissions (e.g. treatments, feeding, follow-up). This is the most frequent source of -7 codes after dumpsite cases.,BFeed,Breastfeeding,$NeoTreeOutcome = 'LB' and $MatOutcome = 'S',"Shown when patient outcome is Live Birth, and maternal outcome is Survived",DHIS2 Mat Outcomes (Retro Data) - Malawi
Brought In Dead (BID) — outcome routing,BID = Brought In Dead: the baby arrived at the facility already deceased. The form routes to a specific set of fields for BID cases, hiding fields that are only relevant for live admissions (e.g. treatments, feeding, follow-up). This is the most frequent source of -7 codes after dumpsite cases.,BirthFacility,Name of Birth Facility / Name of Facility,$BirthPlaceSame = false and $PlaceBirth = 'Hosp' or $PlaceBirth = 'HC' | $BirthPlaceSame = false and $PlaceBirth = 'Hosp' or $PlaceBirth = 'HC' and $BirthPlaceTown = true | $NeoTreeOutcome = 'BID' and ($BirthPlaceSame = false and $PlaceBirth = 'Hosp' or $PlaceBirth = 'HC') | $PlaceBirth = 'Hosp' or $PlaceBirth = 'HC',"Shown when birth place same as current facility: No, and place of birth is Hospital or place of birth is Health Centre
Shown when birth place same as current facility: No, and place of birth is Hospital or place of birth is Health Centre, and birth place town: Yes
Shown when patient outcome is Brought in dead (arrived deceased), and birth place same as current facility: No, and place of birth is Hospital or place of birth is Health Centre
Shown when place of birth is Hospital or place of birth is Health Centre","Bindura Hospital Admission, Chinhoyi Provincial Hospital Admission, Generic PHC Admission, Kasungu District Hospital Neotree Admission, Kasungu District Hospital Neotree Discharge, NeoDischarge, Neotree Admission, Parirenyatwa Group of Hospitals Admission, Parirenyatwa Group of Hospitals Discharge, Sally Mugabe CH Admission, Sally Mugabe CH Discharge"
Brought In Dead (BID) — outcome routing,BID = Brought In Dead: the baby arrived at the facility already deceased. The form routes to a specific set of fields for BID cases, hiding fields that are only relevant for live admissions (e.g. treatments, feeding, follow-up). This is the most frequent source of -7 codes after dumpsite cases.,Bloods1,Bloods1,$NeoTreeOutcome != 'BID' | ($NeoTreeOutcome != 'BID') and ($DRU = false),"Shown when patient outcome is not Brought in dead (arrived deceased)
Shown when patient outcome is not Brought in dead (arrived deceased), and drug used: No","Parirenyatwa Group of Hospitals Discharge, Sally Mugabe CH Discharge"
Brought In Dead (BID) — outcome routing,BID = Brought In Dead: the baby arrived at the facility already deceased. The form routes to a specific set of fields for BID cases, hiding fields that are only relevant for live admissions (e.g. treatments, feeding, follow-up). This is the most frequent source of -7 codes after dumpsite cases.,CauseDeath,Causes of death,$NeoTreeOutcome = 'NND<24' or $NeoTreeOutcome = 'NND>24',Shown when patient outcome is Death (at LESS than 24 hrs of age) or patient outcome is Death (at MORE than 24 hrs of age),"Kasungu District Hospital Neotree Discharge, NeoDischarge"
Brought In Dead (BID) — outcome routing,BID = Brought In Dead: the baby arrived at the facility already deceased. The form routes to a specific set of fields for BID cases, hiding fields that are only relevant for live admissions (e.g. treatments, feeding, follow-up). This is the most frequent source of -7 codes after dumpsite cases.,ContCauseDeath,Significant contributing diagnosis e.g. Surgical condition,$NeoTreeOutcome = 'NND' | $NeoTreeOutcome = 'NND<24' or $NeoTreeOutcome = 'NND>24',"Shown when patient outcome is Died
Shown when patient outcome is Death (at LESS than 24 hrs of age) or patient outcome is Death (at MORE than 24 hrs of age)","Bindura Hospital Discharge, Chinhoyi Provincial Hospital Discharge, Kasungu District Hospital Neotree Discharge, NeoDischarge, Parirenyatwa Group of Hospitals Discharge, Sally Mugabe CH Discharge"
Brought In Dead (BID) — outcome routing,BID = Brought In Dead: the baby arrived at the facility already deceased. The form routes to a specific set of fields for BID cases, hiding fields that are only relevant for live admissions (e.g. treatments, feeding, follow-up). This is the most frequent source of -7 codes after dumpsite cases.,DIAGDIS1OTH,"If other primary diagnosis, what?",($NeoTreeOutcome = 'DC' or $NeoTreeOutcome = 'ABS' or $NeoTreeOutcome = 'TRH' or $NeoTreeOutcome = 'TRO') and $DIAGDIS1 = 'OTH',"Shown when patient outcome is Discharged or patient outcome is Absconded or patient outcome is Transferred to other hospital or patient outcome is Transferred to other ward, and discharge diagnosis is Other",Sally Mugabe CH Discharge
Brought In Dead (BID) — outcome routing,BID = Brought In Dead: the baby arrived at the facility already deceased. The form routes to a specific set of fields for BID cases, hiding fields that are only relevant for live admissions (e.g. treatments, feeding, follow-up). This is the most frequent source of -7 codes after dumpsite cases.,DateDischVitals,Date and Time of last recorded Vital Signs,!($NeoTreeOutcome = 'NND' or $NeoTreeOutcome = 'DDA' or $NeoTreeOutcome = 'BID' or $NeoTreeOutcome = 'STB'),Shown when NOT (patient outcome is Died or patient outcome is Died During Admission or patient outcome is Brought in dead (arrived deceased) or patient outcome is Stillbirth),Sally Mugabe CH Discharge
Brought In Dead (BID) — outcome routing,BID = Brought In Dead: the baby arrived at the facility already deceased. The form routes to a specific set of fields for BID cases, hiding fields that are only relevant for live admissions (e.g. treatments, feeding, follow-up). This is the most frequent source of -7 codes after dumpsite cases.,DateDischWeight,Date of last recorded weight / Date of weight recorded at discharge,!($NeoTreeOutcome = 'NND' or $NeoTreeOutcome = 'DDA' or $NeoTreeOutcome = 'BID' or $NeoTreeOutcome = 'ABS' or $NeoTreeOutcome = 'STB') | !($NeoTreeOutcome = 'NND' or $NeoTreeOutcome = 'DDA' or $NeoTreeOutcome = 'BID' or $NeoTreeOutcome = 'ABS'),"Shown when NOT (patient outcome is Died or patient outcome is Died During Admission or patient outcome is Brought in dead (arrived deceased) or patient outcome is Absconded or patient outcome is Stillbirth)
Shown when NOT (patient outcome is Died or patient outcome is Died During Admission or patient outcome is Brought in dead (arrived deceased) or patient outcome is Absconded)","Chinhoyi Provincial Hospital Discharge, Parirenyatwa Group of Hospitals Discharge, Sally Mugabe CH Discharge"
Brought In Dead (BID) — outcome routing,BID = Brought In Dead: the baby arrived at the facility already deceased. The form routes to a specific set of fields for BID cases, hiding fields that are only relevant for live admissions (e.g. treatments, feeding, follow-up). This is the most frequent source of -7 codes after dumpsite cases.,DateTimeAdmission,Date/Time of Admission,!$NeoTreeOutcome = 'BID',Shown when patient outcome is not Brought in dead (arrived deceased),Sally Mugabe CH Discharge
Brought In Dead (BID) — outcome routing,BID = Brought In Dead: the baby arrived at the facility already deceased. The form routes to a specific set of fields for BID cases, hiding fields that are only relevant for live admissions (e.g. treatments, feeding, follow-up). This is the most frequent source of -7 codes after dumpsite cases.,DischHR,Last recorded Heart Rate,!($NeoTreeOutcome = 'NND' or $NeoTreeOutcome = 'DDA' or $NeoTreeOutcome = 'BID' or $NeoTreeOutcome = 'STB'),Shown when NOT (patient outcome is Died or patient outcome is Died During Admission or patient outcome is Brought in dead (arrived deceased) or patient outcome is Stillbirth),Sally Mugabe CH Discharge
Brought In Dead (BID) — outcome routing,BID = Brought In Dead: the baby arrived at the facility already deceased. The form routes to a specific set of fields for BID cases, hiding fields that are only relevant for live admissions (e.g. treatments, feeding, follow-up). This is the most frequent source of -7 codes after dumpsite cases.,DischRR,Last Recorded Respiratory Rate,!($NeoTreeOutcome = 'NND' or $NeoTreeOutcome = 'DDA' or $NeoTreeOutcome = 'BID' or $NeoTreeOutcome = 'STB'),Shown when NOT (patient outcome is Died or patient outcome is Died During Admission or patient outcome is Brought in dead (arrived deceased) or patient outcome is Stillbirth),Sally Mugabe CH Discharge
Brought In Dead (BID) — outcome routing,BID = Brought In Dead: the baby arrived at the facility already deceased. The form routes to a specific set of fields for BID cases, hiding fields that are only relevant for live admissions (e.g. treatments, feeding, follow-up). This is the most frequent source of -7 codes after dumpsite cases.,DischSats,Last recorded Saturations,!($NeoTreeOutcome = 'NND' or $NeoTreeOutcome = 'DDA' or $NeoTreeOutcome = 'BID' or $NeoTreeOutcome = 'STB'),Shown when NOT (patient outcome is Died or patient outcome is Died During Admission or patient outcome is Brought in dead (arrived deceased) or patient outcome is Stillbirth),Sally Mugabe CH Discharge
Brought In Dead (BID) — outcome routing,BID = Brought In Dead: the baby arrived at the facility already deceased. The form routes to a specific set of fields for BID cases, hiding fields that are only relevant for live admissions (e.g. treatments, feeding, follow-up). This is the most frequent source of -7 codes after dumpsite cases.,DischTemp,Last Recorded Temperature,!($NeoTreeOutcome = 'NND' or $NeoTreeOutcome = 'DDA' or $NeoTreeOutcome = 'BID' or $NeoTreeOutcome = 'STB'),Shown when NOT (patient outcome is Died or patient outcome is Died During Admission or patient outcome is Brought in dead (arrived deceased) or patient outcome is Stillbirth),Sally Mugabe CH Discharge
Brought In Dead (BID) — outcome routing,BID = Brought In Dead: the baby arrived at the facility already deceased. The form routes to a specific set of fields for BID cases, hiding fields that are only relevant for live admissions (e.g. treatments, feeding, follow-up). This is the most frequent source of -7 codes after dumpsite cases.,DischWeight,Last recorded weight (g) / Weight on Discharge (g),!($NeoTreeOutcome = 'NND' or $NeoTreeOutcome = 'DDA' or $NeoTreeOutcome = 'BID' or $NeoTreeOutcome = 'ABS' or $NeoTreeOutcome = 'STB') | !($NeoTreeOutcome = 'NND' or $NeoTreeOutcome = 'DDA' or $NeoTreeOutcome = 'BID' or $NeoTreeOutcome = 'ABS'),"Shown when NOT (patient outcome is Died or patient outcome is Died During Admission or patient outcome is Brought in dead (arrived deceased) or patient outcome is Absconded or patient outcome is Stillbirth)
Shown when NOT (patient outcome is Died or patient outcome is Died During Admission or patient outcome is Brought in dead (arrived deceased) or patient outcome is Absconded)","Chinhoyi Provincial Hospital Discharge, Parirenyatwa Group of Hospitals Discharge, Sally Mugabe CH Discharge"
Brought In Dead (BID) — outcome routing,BID = Brought In Dead: the baby arrived at the facility already deceased. The form routes to a specific set of fields for BID cases, hiding fields that are only relevant for live admissions (e.g. treatments, feeding, follow-up). This is the most frequent source of -7 codes after dumpsite cases.,FeedDsch,Feeding Discharge,"!($NeoTreeOutcome = 'BID')
!($NeoTreeOutcome = 'DDA')
!($NeoTreeOutcome = 'NND') | !($NeoTreeOutcome = 'BID')
!($NeoTreeOutcome = 'DDA')
!($NeoTreeOutcome = 'NND')
!($NeoTreeOutcome = 'STB')","Shown when patient outcome is not Brought in dead (arrived deceased), Died During Admission or Died
Shown when patient outcome is not Brought in dead (arrived deceased), Died During Admission, Died or Stillbirth","Parirenyatwa Group of Hospitals Discharge, Sally Mugabe CH Discharge"
Brought In Dead (BID) — outcome routing,BID = Brought In Dead: the baby arrived at the facility already deceased. The form routes to a specific set of fields for BID cases, hiding fields that are only relevant for live admissions (e.g. treatments, feeding, follow-up). This is the most frequent source of -7 codes after dumpsite cases.,FeedsAdm,Feeds received / Feeds received during admission,"$NeoTreeOutcome != 'BID' | $NeoTreeOutcome != 'BID'
$NeoTreeOutcome != 'DDA' | $NeoTreeOutcome != 'NND' or $NeoTreeOutcome != 'STB' | $NeoTreeOutcome = 'DC' or $NeoTreeOutcome = 'ABS' or $NeoTreeOUtcome = 'TRO' or $NeoTreeOutcome = 'TRH' or $NeoTreeOutcome = 'NND<24' or $NeoTreeOutcome = 'NND>24' or $NeoTreeOutcome = 'DCR' or $NeoTreeOutcome = 'DPC' | $NeoTreeOutcome = 'DC' or $NeoTreeOutcome = 'ABS' or $NeoTreeOUtcome = 'TRO' or $NeoTreeOutcome = 'TRH' or $NeoTreeOutcome = 'NND<24' or $NeoTreeOutcome = 'NND>24' or $NeoTreeOutcome = 'DCR' or $NeoTreeOutcome = 'DPC' or $NeoTreeOutcome = 'DCKMC'","Shown when patient outcome is not Brought in dead (arrived deceased)
Shown when patient outcome is not Brought in dead (arrived deceased), and patient outcome is not Died During Admission
Shown when patient outcome is not Died or patient outcome is not Stillbirth
Shown when patient outcome is Discharged or patient outcome is Absconded or patient outcome is ""TRO"" or patient outcome is Transferred to other hospital or patient outcome is Death (at LESS than 24 hrs of age) or patient outcome is Death (at MORE than 24 hrs of age) or patient outcome is Discharged on Request or patient outcome is Discharge on Palliative Care
Shown when patient outcome is Discharged or patient outcome is Absconded or patient outcome is ""TRO"" or patient outcome is Transferred to other hospital or patient outcome is Death (at LESS than 24 hrs of age) or patient outcome is Death (at MORE than 24 hrs of age) or patient outcome is Discharged on Request or patient outcome is Discharge on Palliative Care or patient outcome is Discharge on KMC","Bindura Hospital Discharge, Chinhoyi Provincial Hospital Discharge, Kasungu District Hospital Neotree Discharge, NeoDischarge, Parirenyatwa Group of Hospitals Discharge, Sally Mugabe CH Discharge"
Brought In Dead (BID) — outcome routing,BID = Brought In Dead: the baby arrived at the facility already deceased. The form routes to a specific set of fields for BID cases, hiding fields that are only relevant for live admissions (e.g. treatments, feeding, follow-up). This is the most frequent source of -7 codes after dumpsite cases.,FeedsDsc,Feeds at Discharge,"!$NeoTreeOutcome = 'NND<24'
!$NeoTreeOutcome = 'NND>24'
!$NeoTreeOutcome = ‘ABS’
!$NeoTreeOutcome = ‘BID’
!$NeoTreeOutcome = ‘BID’
!$NeoTreeOutcome = ‘DDA’
!$NeoTreeOutcome = ‘STB’ | $NeoTreeOutcome != 'NND' 
$NeoTreeOutcome != 'STB'","Shown when patient outcome is not Death (at LESS than 24 hrs of age), Death (at MORE than 24 hrs of age), ""‘ABS’"", ""‘BID’"", ""‘BID’"", ""‘DDA’"" or ""‘STB’""
Shown when patient outcome is not Died, and patient outcome is not Stillbirth","Bindura Hospital Discharge, Chinhoyi Provincial Hospital Discharge, Kasungu District Hospital Neotree Discharge, NeoDischarge"
Brought In Dead (BID) — outcome routing,BID = Brought In Dead: the baby arrived at the facility already deceased. The form routes to a specific set of fields for BID cases, hiding fields that are only relevant for live admissions (e.g. treatments, feeding, follow-up). This is the most frequent source of -7 codes after dumpsite cases.,Gender,Sex,$NeoTreeOutcome = 'BID',Shown when patient outcome is Brought in dead (arrived deceased),"Kasungu District Hospital Neotree Discharge, NeoDischarge, Parirenyatwa Group of Hospitals Discharge, Sally Mugabe CH Discharge"
Brought In Dead (BID) — outcome routing,BID = Brought In Dead: the baby arrived at the facility already deceased. The form routes to a specific set of fields for BID cases, hiding fields that are only relevant for live admissions (e.g. treatments, feeding, follow-up). This is the most frequent source of -7 codes after dumpsite cases.,HighRisk,Does this baby need a high risk sticker?,!($NeoTreeOutcome = 'NND' or $NeoTreeOutcome = 'DDA' or NeoTreeOutcome = 'BID'),Shown when NOT (patient outcome is Died or patient outcome is Died During Admission or patient outcome is Brought in dead (arrived deceased)),Sally Mugabe CH Discharge
Brought In Dead (BID) — outcome routing,BID = Brought In Dead: the baby arrived at the facility already deceased. The form routes to a specific set of fields for BID cases, hiding fields that are only relevant for live admissions (e.g. treatments, feeding, follow-up). This is the most frequent source of -7 codes after dumpsite cases.,IMAGING,Imaging during admission,"!($NeoTreeOutcome = 'BID')
!($NeoTreeOutcome = 'DDA')
!($NeoTreeOutcome = 'NND') | $NeoTreeOutcome != 'BID' and $DRU = false","Shown when patient outcome is not Brought in dead (arrived deceased), Died During Admission or Died
Shown when patient outcome is not Brought in dead (arrived deceased), and drug used: No","Parirenyatwa Group of Hospitals Discharge, Sally Mugabe CH Discharge"
Brought In Dead (BID) — outcome routing,BID = Brought In Dead: the baby arrived at the facility already deceased. The form routes to a specific set of fields for BID cases, hiding fields that are only relevant for live admissions (e.g. treatments, feeding, follow-up). This is the most frequent source of -7 codes after dumpsite cases.,LP,Lumbar puncture performed?,$NeoTreeOutcome != 'BID' | $NeoTreeOutcome != 'BID' and $DRU = false,"Shown when patient outcome is not Brought in dead (arrived deceased)
Shown when patient outcome is not Brought in dead (arrived deceased), and drug used: No","Parirenyatwa Group of Hospitals Discharge, Sally Mugabe CH Discharge"
Brought In Dead (BID) — outcome routing,BID = Brought In Dead: the baby arrived at the facility already deceased. The form routes to a specific set of fields for BID cases, hiding fields that are only relevant for live admissions (e.g. treatments, feeding, follow-up). This is the most frequent source of -7 codes after dumpsite cases.,MatAdmit,Mother Admitted,$MatOutcome = 'A' | $NeoTreeOutcome = 'DC' and $MatOutcome = 'A',"Shown when maternal outcome is Alive
Shown when patient outcome is Discharged, and maternal outcome is Alive","Bindura Hospital Discharge, Chinhoyi Provincial Hospital Discharge, Parirenyatwa Group of Hospitals Discharge, Sally Mugabe CH Discharge"
Brought In Dead (BID) — outcome routing,BID = Brought In Dead: the baby arrived at the facility already deceased. The form routes to a specific set of fields for BID cases, hiding fields that are only relevant for live admissions (e.g. treatments, feeding, follow-up). This is the most frequent source of -7 codes after dumpsite cases.,MecThickThin,Thick / Thin,$MecPresent = 'Yes' | $NeoTreeOutcome = 'BID' and $MecPresent = 'Yes',"Shown when meconium present is Yes
Shown when patient outcome is Brought in dead (arrived deceased), and meconium present is Yes","Generic PHC Admission, Kasungu District Hospital Neotree Admission, Kasungu District Hospital Neotree Discharge, NeoDischarge, Neotree Admission, Parirenyatwa Group of Hospitals Discharge, Sally Mugabe CH Discharge"
Brought In Dead (BID) — outcome routing,BID = Brought In Dead: the baby arrived at the facility already deceased. The form routes to a specific set of fields for BID cases, hiding fields that are only relevant for live admissions (e.g. treatments, feeding, follow-up). This is the most frequent source of -7 codes after dumpsite cases.,MedsGiven,Medications given during admission,$NeoTreeOutcome = 'DC' or $NeoTreeOutcome = 'ABS' or $NeoTreeOutcome = 'TRH' or $NeoTreeOutcome = 'TRO' or $NeoTreeOutcome = 'NND<24' or $NeoTreeOutcome = 'NND>24' or $NeoTreeOutcome = 'DCR' or $NeoTreeOutcome = 'DPC' | $NeoTreeOutcome = 'DC' or $NeoTreeOutcome = 'ABS' or $NeoTreeOutcome = 'TRH' or $NeoTreeOutcome = 'TRO' or $NeoTreeOutcome = 'NND<24' or $NeoTreeOutcome = 'NND>24' or $NeoTreeOutcome = 'DCR' or $NeoTreeOutcome = 'DPC' or $NeoTreeOutcome = 'DCKMC',"Shown when patient outcome is Discharged or patient outcome is Absconded or patient outcome is Transferred to other hospital or patient outcome is Transferred to other ward or patient outcome is Death (at LESS than 24 hrs of age) or patient outcome is Death (at MORE than 24 hrs of age) or patient outcome is Discharged on Request or patient outcome is Discharge on Palliative Care
Shown when patient outcome is Discharged or patient outcome is Absconded or patient outcome is Transferred to other hospital or patient outcome is Transferred to other ward or patient outcome is Death (at LESS than 24 hrs of age) or patient outcome is Death (at MORE than 24 hrs of age) or patient outcome is Discharged on Request or patient outcome is Discharge on Palliative Care or patient outcome is Discharge on KMC","Kasungu District Hospital Neotree Discharge, NeoDischarge"
Brought In Dead (BID) — outcome routing,BID = Brought In Dead: the baby arrived at the facility already deceased. The form routes to a specific set of fields for BID cases, hiding fields that are only relevant for live admissions (e.g. treatments, feeding, follow-up). This is the most frequent source of -7 codes after dumpsite cases.,NUID,NEOTREE ID,$NeoTreeOutcome != 'BID' | $NeoTreeOutcome = 'DC' or $NeoTreeOutcome = 'ABS' or $NeoTreeOutcome = 'TRH' or $NeoTreeOutcome = 'TRO' or $NeoTreeOutcome = 'NND<24' or $NeoTreeOutcome = 'NND>24' or $NeoTreeOutcome = 'DCR' or  $NeoTreeOutcome  = 'DPC',"Shown when patient outcome is not Brought in dead (arrived deceased)
Shown when patient outcome is Discharged or patient outcome is Absconded or patient outcome is Transferred to other hospital or patient outcome is Transferred to other ward or patient outcome is Death (at LESS than 24 hrs of age) or patient outcome is Death (at MORE than 24 hrs of age) or patient outcome is Discharged on Request or patient outcome is Discharge on Palliative Care","Kasungu District Hospital Neotree Discharge, NeoDischarge, Parirenyatwa Group of Hospitals Discharge, Sally Mugabe CH Discharge"
Brought In Dead (BID) — outcome routing,BID = Brought In Dead: the baby arrived at the facility already deceased. The form routes to a specific set of fields for BID cases, hiding fields that are only relevant for live admissions (e.g. treatments, feeding, follow-up). This is the most frequent source of -7 codes after dumpsite cases.,NVPgiven,HIV prophylaxis given to baby? / Has the baby received Neverapine? / NVP given to baby / NVP given to baby?,$HIVtestResult = 'R' or $HIVtestResult = 'U' | $HIVtestResultDC = 'R' or $HIVtestResultDC = 'U' | $NeoTreeOutcome = 'BID' and ($MatHIVtest = true) and ($HIVtestResult = 'R' or $HIVtestResult = 'U') | $NeoTreeOutcome = 'LB' and $HIVTestResults = 'R' | ($MatHIVStat = 'R') | ($MatHIVtest = 'Y') and ($HIVtestResult = 'R' or $HIVtestResult = 'U') | ($MatHIVtest = true) and ($HIVtestResult = 'R' or $HIVtestResult = 'U'),"Shown when baby's HIV test result is Reactive or baby's HIV test result is Unknown
Shown when HIV test result at discharge is Exposed or HIV test result at discharge is Unknown
Shown when patient outcome is Brought in dead (arrived deceased), and maternal HIV test done: Yes, and baby's HIV test result is Reactive or baby's HIV test result is Unknown
Shown when patient outcome is Live Birth, and What was the Result is Reactive
Shown when mother's HIV status is Reactive
Shown when maternal HIV test done is Yes, and baby's HIV test result is Reactive or baby's HIV test result is Unknown
Shown when maternal HIV test done: Yes, and baby's HIV test result is Reactive or baby's HIV test result is Unknown","Bindura Hospital Admission, Chinhoyi Provincial Hospital Admission, DHIS2 Mat Outcomes (Retro Data) - Malawi, Generic PHC Admission, Kasungu District Hospital Neotree Admission, Kasungu District Hospital Neotree Discharge, NeoDischarge, Neotree Admission, Parirenyatwa Group of Hospitals Admission, Parirenyatwa Group of Hospitals Discharge, Sally Mugabe CH Admission, Sally Mugabe CH Discharge"
Brought In Dead (BID) — outcome routing,BID = Brought In Dead: the baby arrived at the facility already deceased. The form routes to a specific set of fields for BID cases, hiding fields that are only relevant for live admissions (e.g. treatments, feeding, follow-up). This is the most frequent source of -7 codes after dumpsite cases.,OFCDdis,Head Circumference at Discharge (cm),!($NeoTreeOutcome = 'NND' or $NeoTreeOutcome = 'DDA' or $NeoTreeOutcome = 'BID' or $NeoTreeOutcome = 'STB'),Shown when NOT (patient outcome is Died or patient outcome is Died During Admission or patient outcome is Brought in dead (arrived deceased) or patient outcome is Stillbirth),Sally Mugabe CH Discharge
Brought In Dead (BID) — outcome routing,BID = Brought In Dead: the baby arrived at the facility already deceased. The form routes to a specific set of fields for BID cases, hiding fields that are only relevant for live admissions (e.g. treatments, feeding, follow-up). This is the most frequent source of -7 codes after dumpsite cases.,OthProbs,Other Problems,$NeoTreeOutcome = 'DC' or $NeoTreeOutcome = 'ABS' or $NeoTreeOutcome = 'TRH' or $NeoTreeOutcome = 'TRO' | ($NeoTreeOutcome = 'DC' or $NeoTreeOutcome = 'ABS' or $NeoTreeOutcome = 'TRH' or $NeoTreeOutcome = 'TRO') and $DRU = false,"Shown when patient outcome is Discharged or patient outcome is Absconded or patient outcome is Transferred to other hospital or patient outcome is Transferred to other ward
Shown when patient outcome is Discharged or patient outcome is Absconded or patient outcome is Transferred to other hospital or patient outcome is Transferred to other ward, and drug used: No","Bindura Hospital Discharge, Chinhoyi Provincial Hospital Discharge, Parirenyatwa Group of Hospitals Discharge, Sally Mugabe CH Discharge"
Brought In Dead (BID) — outcome routing,BID = Brought In Dead: the baby arrived at the facility already deceased. The form routes to a specific set of fields for BID cases, hiding fields that are only relevant for live admissions (e.g. treatments, feeding, follow-up). This is the most frequent source of -7 codes after dumpsite cases.,OtherProbs,Other Problems,$NeoTreeOutcome = 'DC' or $NeoTreeOutcome = 'ABS' or $NeoTreeOutcome = 'TRH' or $NeoTreeOutcome = 'TRO' or $NeoTreeOutcome = 'DCR' or $NeoTreeOutcome = 'DPC' | $NeoTreeOutcome = 'DC' or $NeoTreeOutcome = 'ABS' or $NeoTreeOutcome = 'TRH' or $NeoTreeOutcome = 'TRO' or $NeoTreeOutcome = 'DCR' or $NeoTreeOutcome = 'DPC'  or $NeoTreeOutcome = 'DCKMC',"Shown when patient outcome is Discharged or patient outcome is Absconded or patient outcome is Transferred to other hospital or patient outcome is Transferred to other ward or patient outcome is Discharged on Request or patient outcome is Discharge on Palliative Care
Shown when patient outcome is Discharged or patient outcome is Absconded or patient outcome is Transferred to other hospital or patient outcome is Transferred to other ward or patient outcome is Discharged on Request or patient outcome is Discharge on Palliative Care or patient outcome is Discharge on KMC","Kasungu District Hospital Neotree Discharge, NeoDischarge"
Brought In Dead (BID) — outcome routing,BID = Brought In Dead: the baby arrived at the facility already deceased. The form routes to a specific set of fields for BID cases, hiding fields that are only relevant for live admissions (e.g. treatments, feeding, follow-up). This is the most frequent source of -7 codes after dumpsite cases.,PHOTOTHERAPY,Did baby receive phototherapy?,"!($NeoTreeOutcome = 'BID')
!($NeoTreeOutcome = 'DDA')
!($NeoTreeOutcome = 'NND') | $NeoTreeOutcome = 'DC' or $NeoTreeOutcome = 'ABS' or $NeoTreeOutome = 'TRH' or $NeoTreeOutcome = 'TRO' or $NeoTreeOutcome = 'NND<24' or $NeoTreeOutcome = 'NND>24' | $NeoTreeOutcome = 'DC' or $NeoTreeOutcome = 'ABS' or $NeoTreeOutome = 'TRH' or $NeoTreeOutcome = 'TRO' or $NeoTreeOutcome = 'NND<24' or $NeoTreeOutcome = 'NND>24'  or $NeoTreeOutcome = 'DCKMC' | ($NeoTreeOutcome != 'BID') and ($DRU = false)","Shown when patient outcome is not Brought in dead (arrived deceased), Died During Admission or Died
Shown when patient outcome is Discharged or patient outcome is Absconded or patient outcome is ""TRH"" or patient outcome is Transferred to other ward or patient outcome is Death (at LESS than 24 hrs of age) or patient outcome is Death (at MORE than 24 hrs of age)
Shown when patient outcome is Discharged or patient outcome is Absconded or patient outcome is ""TRH"" or patient outcome is Transferred to other ward or patient outcome is Death (at LESS than 24 hrs of age) or patient outcome is Death (at MORE than 24 hrs of age) or patient outcome is Discharge on KMC
Shown when patient outcome is not Brought in dead (arrived deceased), and drug used: No","Kasungu District Hospital Neotree Discharge, NeoDischarge, Parirenyatwa Group of Hospitals Discharge, Sally Mugabe CH Discharge"
Brought In Dead (BID) — outcome routing,BID = Brought In Dead: the baby arrived at the facility already deceased. The form routes to a specific set of fields for BID cases, hiding fields that are only relevant for live admissions (e.g. treatments, feeding, follow-up). This is the most frequent source of -7 codes after dumpsite cases.,PROGRESS,What progress did the baby make?,$NeoTreeOutcome != 'BID',Shown when patient outcome is not Brought in dead (arrived deceased),Sally Mugabe CH Discharge
Brought In Dead (BID) — outcome routing,BID = Brought In Dead: the baby arrived at the facility already deceased. The form routes to a specific set of fields for BID cases, hiding fields that are only relevant for live admissions (e.g. treatments, feeding, follow-up). This is the most frequent source of -7 codes after dumpsite cases.,RESPSUP,Respiratory Support / Respiratory support received,$NeoTreeOutcome != 'BID' | $NeoTreeOutcome = 'DC' or $NeoTreeOutcome = 'ABS' or $NeoTreeOutcome = 'TRH' or $NeoTreeOutcome = 'TRO' or $NeoTreeOutcome = 'NND<24' or $NeoTreeOutcome = 'NND>24' or $NeoTreeOutcome = 'DCKMC' | $NeoTreeOutcome = 'DC' or $NeoTreeOutcome = 'ABS' or $NeoTreeOutcome = 'TRH' or $NeoTreeOutcome = 'TRO' or $NeoTreeOutcome = 'NND<24' or$NeoTreeOutcome = 'NND>24',"Shown when patient outcome is not Brought in dead (arrived deceased)
Shown when patient outcome is Discharged or patient outcome is Absconded or patient outcome is Transferred to other hospital or patient outcome is Transferred to other ward or patient outcome is Death (at LESS than 24 hrs of age) or patient outcome is Death (at MORE than 24 hrs of age) or patient outcome is Discharge on KMC
Shown when patient outcome is Discharged or patient outcome is Absconded or patient outcome is Transferred to other hospital or patient outcome is Transferred to other ward or patient outcome is ""NND<24"" orpatient outcome is ""NND>24""","Kasungu District Hospital Neotree Discharge, NeoDischarge, Parirenyatwa Group of Hospitals Discharge, Sally Mugabe CH Discharge"
Brought In Dead (BID) — outcome routing,BID = Brought In Dead: the baby arrived at the facility already deceased. The form routes to a specific set of fields for BID cases, hiding fields that are only relevant for live admissions (e.g. treatments, feeding, follow-up). This is the most frequent source of -7 codes after dumpsite cases.,ReferredFrom2,Referred from / Referred from?,$InOrOut = 'Out' | $InOrOut = false | $NeoTreeOutcome = 'BID' and $InOrOut = false,"Shown when admitted from within facility is Outside PHC
Shown when admitted from within facility: No
Shown when patient outcome is Brought in dead (arrived deceased), and admitted from within facility: No","Bindura Hospital Admission, Chinhoyi Provincial Hospital Admission, Generic PHC Admission, Kasungu District Hospital Neotree Admission, Kasungu District Hospital Neotree Discharge, NeoDischarge, Neotree Admission, Parirenyatwa Group of Hospitals Admission, Parirenyatwa Group of Hospitals Discharge, Sally Mugabe CH Admission, Sally Mugabe CH Discharge"
Brought In Dead (BID) — outcome routing,BID = Brought In Dead: the baby arrived at the facility already deceased. The form routes to a specific set of fields for BID cases, hiding fields that are only relevant for live admissions (e.g. treatments, feeding, follow-up). This is the most frequent source of -7 codes after dumpsite cases.,TRHospital,Which hospital was the baby discharged to? / Which hospital was the baby transferred to?,$NeoTreeOutcome = 'TRH',Shown when patient outcome is Transferred to other hospital,"Bindura Hospital Discharge, Chinhoyi Provincial Hospital Discharge, Parirenyatwa Group of Hospitals Discharge, Sally Mugabe CH Discharge"
Brought In Dead (BID) — outcome routing,BID = Brought In Dead: the baby arrived at the facility already deceased. The form routes to a specific set of fields for BID cases, hiding fields that are only relevant for live admissions (e.g. treatments, feeding, follow-up). This is the most frequent source of -7 codes after dumpsite cases.,TROWard,Which ward was the baby transferred to?,$NeoTreeOutcome = 'TRO',Shown when patient outcome is Transferred to other ward,"Bindura Hospital Discharge, Chinhoyi Provincial Hospital Discharge, Parirenyatwa Group of Hospitals Discharge, Sally Mugabe CH Discharge"
Brought In Dead (BID) — outcome routing,BID = Brought In Dead: the baby arrived at the facility already deceased. The form routes to a specific set of fields for BID cases, hiding fields that are only relevant for live admissions (e.g. treatments, feeding, follow-up). This is the most frequent source of -7 codes after dumpsite cases.,TROWardOther,"If other, which ward?",$NeoTreeOutcome = 'TRO' and $TROWard  = 'OTH',"Shown when patient outcome is Transferred to other ward, and Which ward was the baby transferred to is Other","Bindura Hospital Discharge, Sally Mugabe CH Discharge"
Brought In Dead (BID) — outcome routing,BID = Brought In Dead: the baby arrived at the facility already deceased. The form routes to a specific set of fields for BID cases, hiding fields that are only relevant for live admissions (e.g. treatments, feeding, follow-up). This is the most frequent source of -7 codes after dumpsite cases.,ThermCare,Thermal care received,$NeoTreeOutcome = 'DC' or $NeoTreeOutcome = 'ABS' or $NeoTreeOutcome = 'TRH' or $NeoTreeOutcome = 'TRO' or $NeoTreeOutcome = 'NND<24' or $NeoTreeOutcome = 'NND>24' or $NeoTreeOutcome = 'DCR' or $NeoTreeOutcome = 'DPC',Shown when patient outcome is Discharged or patient outcome is Absconded or patient outcome is Transferred to other hospital or patient outcome is Transferred to other ward or patient outcome is Death (at LESS than 24 hrs of age) or patient outcome is Death (at MORE than 24 hrs of age) or patient outcome is Discharged on Request or patient outcome is Discharge on Palliative Care,NeoDischarge
Date of birth known / unknown,DOB field hidden when clinician marks date as unknown; an age-estimate field is shown instead.,Age,Age (Days & Hours),$DOBYN = 'Y',Shown when date of birth known is Yes,"Bindura Hospital Admission, Chinhoyi Provincial Hospital Admission, Generic PHC Admission, Kasungu District Hospital Neotree Admission, Neotree Admission, Parirenyatwa Group of Hospitals Admission, Sally Mugabe CH Admission"
Date of birth known / unknown,DOB field hidden when clinician marks date as unknown; an age-estimate field is shown instead.,AgeEstimate,Age Category Estimate,$DOBYN = 'N',Shown when date of birth known is No,"Bindura Hospital Admission, Chinhoyi Provincial Hospital Admission, Generic PHC Admission, Kasungu District Hospital Neotree Admission, Neotree Admission, Parirenyatwa Group of Hospitals Admission, Sally Mugabe CH Admission"
Date of birth known / unknown,DOB field hidden when clinician marks date as unknown; an age-estimate field is shown instead.,BIDAgeA,Is the baby less than 1 week? (estimate),$BIDDOBYN = 'N',Shown when BID baby DOB known is No,"Kasungu District Hospital Neotree Discharge, NeoDischarge"
Date of birth known / unknown,DOB field hidden when clinician marks date as unknown; an age-estimate field is shown instead.,BIDAgeB,Age (Days & Hours),$BIDDOBYN = 'Y',Shown when BID baby DOB known is Yes,"Kasungu District Hospital Neotree Discharge, NeoDischarge"
Date of birth known / unknown,DOB field hidden when clinician marks date as unknown; an age-estimate field is shown instead.,BIDAgeCat,Age Category? (estimate),$BIDAgeA = 'Y',Shown when BID baby age estimate is Yes,"Kasungu District Hospital Neotree Discharge, NeoDischarge"
Date of birth known / unknown,DOB field hidden when clinician marks date as unknown; an age-estimate field is shown instead.,BIDDOBTOB,Date and Time of Birth,$BIDDOBYN = 'Y',Shown when BID baby DOB known is Yes,"Kasungu District Hospital Neotree Discharge, NeoDischarge"
Date of birth known / unknown,DOB field hidden when clinician marks date as unknown; an age-estimate field is shown instead.,BirthDateDis,Date of Birth,$DOBYN = 'Y',Shown when date of birth known is Yes,Maternal Outcomes (Retrospective Data) - Malawi
Date of birth known / unknown,DOB field hidden when clinician marks date as unknown; an age-estimate field is shown instead.,DOB,Date of Birth (Mother),$DOBYN = 'Y',Shown when date of birth known is Yes,DHIS2 Mat Outcomes (Retro Data) - Malawi
Date of birth known / unknown,DOB field hidden when clinician marks date as unknown; an age-estimate field is shown instead.,MatAge,Age of Mother (click on the year to change),$MotherDOBYN = 'Y',Shown when mother's DOB known is Yes,"Bindura Hospital Admission, Chinhoyi Provincial Hospital Admission, Generic PHC Admission, Sally Mugabe CH Admission"
Date of birth known / unknown,DOB field hidden when clinician marks date as unknown; an age-estimate field is shown instead.,MatAgeDate,Mother's Age (Auto-calculated from Mother's DOB),$DOBYN = 'Y',Shown when date of birth known is Yes,DHIS2 Mat Outcomes (Retro Data) - Malawi
Date of birth known / unknown,DOB field hidden when clinician marks date as unknown; an age-estimate field is shown instead.,PUInfant,Passing urine? (infant),$Age > 47.9 or $AgeEstimate = 'INF72' or $AgeEstimate = 'INF',Shown when age is greater than 47.9 or age estimate is Infant (2 days - 2 days 23 hrs old) or age estimate is Infant (> 3 days old),"Bindura Hospital Admission, Chinhoyi Provincial Hospital Admission, Generic PHC Admission, Kasungu District Hospital Neotree Admission, Neotree Admission, Parirenyatwa Group of Hospitals Admission, Sally Mugabe CH Admission"
Date of birth known / unknown,DOB field hidden when clinician marks date as unknown; an age-estimate field is shown instead.,PUNewborn,Passing urine? (newborn),$Age < 48 or $AgeEstimate = 'FNB' or $AgeEstimate = 'NB24' or $AgeEstimate = 'NB48',Shown when age is less than 48 or age estimate is Fresh Newborn (< 2 hours old) or age estimate is Newborn (2 - 23 hrs old) or age estimate is Newborn (1 day - 1 day 23 hrs old),"Bindura Hospital Admission, Chinhoyi Provincial Hospital Admission, Generic PHC Admission, Kasungu District Hospital Neotree Admission, Neotree Admission, Parirenyatwa Group of Hospitals Admission, Sally Mugabe CH Admission"
Date of birth known / unknown,DOB field hidden when clinician marks date as unknown; an age-estimate field is shown instead.,PassedMec,Meconium?,$Age < 48 or $AgeEstimate = 'FNB' or $AgeEstimate = 'NB24' or $AgeEstimate = 'NB48',Shown when age is less than 48 or age estimate is Fresh Newborn (< 2 hours old) or age estimate is Newborn (2 - 23 hrs old) or age estimate is Newborn (1 day - 1 day 23 hrs old),"Bindura Hospital Admission, Chinhoyi Provincial Hospital Admission, Generic PHC Admission, Kasungu District Hospital Neotree Admission, Neotree Admission, Parirenyatwa Group of Hospitals Admission, Sally Mugabe CH Admission"
Date of birth known / unknown,DOB field hidden when clinician marks date as unknown; an age-estimate field is shown instead.,SignsDehydrations,Signs of Dehydration,$Age > 23.9 or $AgeEstimate = 'NB48' or $AgeEstimate = 'INF72' or $AgeEstimate = 'INF' | $AgeA = 'N' or ($AgeCat = 'NB48' or $AgeCat = 'INF72' or $AgeCat = 'INF'),"Shown when age is greater than 23.9 or age estimate is Newborn (1 day - 1 day 23 hrs old) or age estimate is Infant (2 days - 2 days 23 hrs old) or age estimate is Infant (> 3 days old)
Shown when age category is No or age category is Newborn (1 day - 1 day 23 hrs old) or age category is Infant (2 days - 2 days 23 hrs old) or age category is Infant (> 3 days old)","Bindura Hospital Admission, Chinhoyi Provincial Hospital Admission, Generic PHC Admission, Kasungu District Hospital Neotree Admission, Neotree Admission, Parirenyatwa Group of Hospitals Admission, Sally Mugabe CH Admission"
Date of birth known / unknown,DOB field hidden when clinician marks date as unknown; an age-estimate field is shown instead.,StoolsInfant,Stools?,$Age > 47.9 or $AgeEstimate = 'INF72' or $AgeEstimate = 'INF',Shown when age is greater than 47.9 or age estimate is Infant (2 days - 2 days 23 hrs old) or age estimate is Infant (> 3 days old),"Bindura Hospital Admission, Chinhoyi Provincial Hospital Admission, Generic PHC Admission, Kasungu District Hospital Neotree Admission, Neotree Admission, Parirenyatwa Group of Hospitals Admission, Sally Mugabe CH Admission"
Investigation two-step pattern,Result/detail fields hidden until the clinician confirms the investigation was performed or equipment was available.,ANVDRLDate,Date of Syphilis test / Date of VDRL,$ANVDRL = 'Y' and $DateVDRLSameHIV = 'N' | $DateVDRLSameHIV = 'N',"Shown when antenatal syphilis test done is Yes, and VDRL/HIV test same date is No
Shown when VDRL/HIV test same date is No","Bindura Hospital Admission, Chinhoyi Provincial Hospital Admission, Generic PHC Admission, Kasungu District Hospital Neotree Admission, Kasungu District Hospital Neotree Discharge, NeoDischarge, Neotree Admission, Parirenyatwa Group of Hospitals Admission, Parirenyatwa Group of Hospitals Discharge, Sally Mugabe CH Admission, Sally Mugabe CH Discharge"
Investigation two-step pattern,Result/detail fields hidden until the clinician confirms the investigation was performed or equipment was available.,ANVDRLResult,Result of Syphilis test,$ANVDRL = 'Y',Shown when antenatal syphilis test done is Yes,Generic PHC Admission
Investigation two-step pattern,Result/detail fields hidden until the clinician confirms the investigation was performed or equipment was available.,AXRR,Result of AXR,$IMAGING = 'AXR',Shown when imaging performed is Abdominal X-ray,"Bindura Hospital Discharge, Chinhoyi Provincial Hospital Discharge, Parirenyatwa Group of Hospitals Discharge, Sally Mugabe CH Discharge"
Investigation two-step pattern,Result/detail fields hidden until the clinician confirms the investigation was performed or equipment was available.,AXRdate,Date of AXR,$IMAGING = 'AXR',Shown when imaging performed is Abdominal X-ray,"Bindura Hospital Discharge, Chinhoyi Provincial Hospital Discharge, Parirenyatwa Group of Hospitals Discharge, Sally Mugabe CH Discharge"
Investigation two-step pattern,Result/detail fields hidden until the clinician confirms the investigation was performed or equipment was available.,BC1OthR,If other what?,$BC = true and $BCInitial = 'OTH',"Shown when blood culture ordered: Yes, and initial blood culture done is ""OTH""","Parirenyatwa Group of Hospitals Discharge, Sally Mugabe CH Discharge"
Investigation two-step pattern,Result/detail fields hidden until the clinician confirms the investigation was performed or equipment was available.,BC1R,Initial blood culture result,$BC = true,Shown when blood culture ordered: Yes,"Parirenyatwa Group of Hospitals Discharge, Sally Mugabe CH Discharge"
Investigation two-step pattern,Result/detail fields hidden until the clinician confirms the investigation was performed or equipment was available.,BC2Oth,If other what?,$BC2 = true,Shown when follow-up blood culture ordered: Yes,Parirenyatwa Group of Hospitals Discharge
Investigation two-step pattern,Result/detail fields hidden until the clinician confirms the investigation was performed or equipment was available.,BC2R,Result of final blood culture,$BC2 = true,Shown when follow-up blood culture ordered: Yes,"Parirenyatwa Group of Hospitals Discharge, Sally Mugabe CH Discharge"
Investigation two-step pattern,Result/detail fields hidden until the clinician confirms the investigation was performed or equipment was available.,BCDate1,Date of initial blood culture,$BC = true,Shown when blood culture ordered: Yes,"Parirenyatwa Group of Hospitals Discharge, Sally Mugabe CH Discharge"
Investigation two-step pattern,Result/detail fields hidden until the clinician confirms the investigation was performed or equipment was available.,BCDate2,Date of final blood culture,$BC2 = true,Shown when follow-up blood culture ordered: Yes,"Parirenyatwa Group of Hospitals Discharge, Sally Mugabe CH Discharge"
Investigation two-step pattern,Result/detail fields hidden until the clinician confirms the investigation was performed or equipment was available.,BCResist,Isolate Resistant to,($BC = true) and ($BC1R = 'BS' or $BC1R = 'CONS' or $BC1R = 'EC' or $BC1R = 'GBS' or $BC1R = 'GDS' or $BC1R = 'KP' or $BC1R = 'PA' or $BC1R = 'SA' or $BC1R = 'LFC' or $BC1R = 'NLFC' or $BC1R = 'OGN' or $BC1R = 'OGP' or $BC1R = 'OTH'),"Shown when blood culture ordered: Yes, and initial blood culture result is Bacillus Sp or initial blood culture result is Coagulase Negative Staphylococcus or initial blood culture result is E.Coli or initial blood culture result is Group B Streptococcus or initial blood culture result is Group D Streptococcus or initial blood culture result is Klebsiella Pneumoniae or initial blood culture result is Pseudomonas Aeruginosa or initial blood culture result is Staphylococcus Aureus or initial blood culture result is Lactose Fermenting Coliform or initial blood culture result is Non Lactose Fermenting Coliform or initial blood culture result is Other Gram Negative or initial blood culture result is Other Gram Positive or initial blood culture result is Other","Parirenyatwa Group of Hospitals Discharge, Sally Mugabe CH Discharge"
Investigation two-step pattern,Result/detail fields hidden until the clinician confirms the investigation was performed or equipment was available.,BCSecondIsol,Additional Isolate and sensitivities,$BCIsol > 1,Shown when organism isolated in culture is greater than 1,"Parirenyatwa Group of Hospitals Discharge, Sally Mugabe CH Discharge"
Investigation two-step pattern,Result/detail fields hidden until the clinician confirms the investigation was performed or equipment was available.,BCSens,Sensitivity,(BC = true) and ($BC1R= 'BS' or $BC1R = 'CONS' or $BC1R = 'EC' or $BC1R = 'GBS' or $BC1R = 'GDS' or $BC1R = 'KP' or $BC1R = 'PA' or $BC1R = 'SA' or $BC1R = 'LFC' or $BC1R = 'NLFC' or $BC1R = 'OGN' or $BC1R = 'OGP' or $BC1R = 'OTH'),"Shown when blood culture ordered: Yes, and initial blood culture result is Bacillus Sp or initial blood culture result is Coagulase Negative Staphylococcus or initial blood culture result is E.Coli or initial blood culture result is Group B Streptococcus or initial blood culture result is Group D Streptococcus or initial blood culture result is Klebsiella Pneumoniae or initial blood culture result is Pseudomonas Aeruginosa or initial blood culture result is Staphylococcus Aureus or initial blood culture result is Lactose Fermenting Coliform or initial blood culture result is Non Lactose Fermenting Coliform or initial blood culture result is Other Gram Negative or initial blood culture result is Other Gram Positive or initial blood culture result is Other","Parirenyatwa Group of Hospitals Discharge, Sally Mugabe CH Discharge"
Investigation two-step pattern,Result/detail fields hidden until the clinician confirms the investigation was performed or equipment was available.,BILI1R,Initial Bilirubin (micromol/l),$Bili = true,Shown when bilirubin measured: Yes,"Bindura Hospital Discharge, Chinhoyi Provincial Hospital Discharge, Parirenyatwa Group of Hospitals Discharge, Sally Mugabe CH Discharge"
Investigation two-step pattern,Result/detail fields hidden until the clinician confirms the investigation was performed or equipment was available.,BILIdate1,Date of initial bilirubin,$Bili = true,Shown when bilirubin measured: Yes,"Bindura Hospital Discharge, Chinhoyi Provincial Hospital Discharge, Parirenyatwa Group of Hospitals Discharge, Sally Mugabe CH Discharge"
Investigation two-step pattern,Result/detail fields hidden until the clinician confirms the investigation was performed or equipment was available.,BSUnit,Blood Sugar Measurement Unit,$BSmonYN = 'Y',Shown when blood sugar monitoring ongoing is Yes,"Bindura Hospital Admission, Chinhoyi Provincial Hospital Admission, Generic PHC Admission, Kasungu District Hospital Neotree Admission, Neotree Admission, Parirenyatwa Group of Hospitals Admission, Sally Mugabe CH Admission"
Investigation two-step pattern,Result/detail fields hidden until the clinician confirms the investigation was performed or equipment was available.,Bilidate2,Date of final bilirubin,$Bili2 = true,Shown when follow-up bilirubin measured: Yes,"Bindura Hospital Discharge, Chinhoyi Provincial Hospital Discharge, Parirenyatwa Group of Hospitals Discharge, Sally Mugabe CH Discharge"
Investigation two-step pattern,Result/detail fields hidden until the clinician confirms the investigation was performed or equipment was available.,Bilirubin2R,Final bilirubin (micromol/l),$Bili2 = true,Shown when follow-up bilirubin measured: Yes,"Bindura Hospital Discharge, Chinhoyi Provincial Hospital Discharge, Parirenyatwa Group of Hospitals Discharge, Sally Mugabe CH Discharge"
Investigation two-step pattern,Result/detail fields hidden until the clinician confirms the investigation was performed or equipment was available.,BloodSugarmg,Blood Sugar (mg/dL)      (45 - 81),$BSUnit = 'Mg',Shown when blood sugar unit is mg/dL,"Bindura Hospital Admission, Chinhoyi Provincial Hospital Admission, Generic PHC Admission, Kasungu District Hospital Neotree Admission, Neotree Admission, Parirenyatwa Group of Hospitals Admission, Sally Mugabe CH Admission"
Investigation two-step pattern,Result/detail fields hidden until the clinician confirms the investigation was performed or equipment was available.,BloodSugarmmol,Blood Sugar (mmol/L)      (2.5 - 4.5),$BSUnit = 'Mol',Shown when blood sugar unit is mmol/L,"Bindura Hospital Admission, Chinhoyi Provincial Hospital Admission, Generic PHC Admission, Kasungu District Hospital Neotree Admission, Neotree Admission, Parirenyatwa Group of Hospitals Admission, Sally Mugabe CH Admission"
Investigation two-step pattern,Result/detail fields hidden until the clinician confirms the investigation was performed or equipment was available.,Bloods2,Bloods2,$FBC = true or $CRP = true or $BC = true or $GLUC = true or $UE = true or $Bili = true or $Bone = true | $FBC = true or $CRP = true or $GLUC = true or $UE = true or $Bili = true,"Shown when full blood count ordered: Yes or CRP ordered: Yes or blood culture ordered: Yes or blood glucose measured: Yes or urea & electrolytes ordered: Yes or bilirubin measured: Yes or bone disease present: Yes
Shown when full blood count ordered: Yes or CRP ordered: Yes or blood glucose measured: Yes or urea & electrolytes ordered: Yes or bilirubin measured: Yes","Bindura Hospital Discharge, Chinhoyi Provincial Hospital Discharge, Parirenyatwa Group of Hospitals Discharge, Sally Mugabe CH Discharge"
Investigation two-step pattern,Result/detail fields hidden until the clinician confirms the investigation was performed or equipment was available.,CREAT1R,Initial Creatinine (micromol/l),$UE = true,Shown when urea & electrolytes ordered: Yes,"Bindura Hospital Discharge, Chinhoyi Provincial Hospital Discharge, Parirenyatwa Group of Hospitals Discharge, Sally Mugabe CH Discharge"
Investigation two-step pattern,Result/detail fields hidden until the clinician confirms the investigation was performed or equipment was available.,CRP1R,Initial CRP (mg/L),$CRP = true,Shown when CRP ordered: Yes,"Bindura Hospital Discharge, Chinhoyi Provincial Hospital Discharge, Parirenyatwa Group of Hospitals Discharge, Sally Mugabe CH Discharge"
Investigation two-step pattern,Result/detail fields hidden until the clinician confirms the investigation was performed or equipment was available.,CRP2R,Final CRP (mg/L),$CRP2 = true,Shown when follow-up CRP ordered: Yes,"Bindura Hospital Discharge, Chinhoyi Provincial Hospital Discharge, Parirenyatwa Group of Hospitals Discharge, Sally Mugabe CH Discharge"
Investigation two-step pattern,Result/detail fields hidden until the clinician confirms the investigation was performed or equipment was available.,CRPdate1,Date of initial CRP,$CRP = true,Shown when CRP ordered: Yes,"Bindura Hospital Discharge, Chinhoyi Provincial Hospital Discharge, Parirenyatwa Group of Hospitals Discharge, Sally Mugabe CH Discharge"
Investigation two-step pattern,Result/detail fields hidden until the clinician confirms the investigation was performed or equipment was available.,CRPdate2,Date of final CRP,$CRP2 = true,Shown when follow-up CRP ordered: Yes,"Bindura Hospital Discharge, Chinhoyi Provincial Hospital Discharge, Parirenyatwa Group of Hospitals Discharge, Sally Mugabe CH Discharge"
Investigation two-step pattern,Result/detail fields hidden until the clinician confirms the investigation was performed or equipment was available.,CSFOrg,CSF Organism,$LP = 'YesP',Shown when lumbar puncture performed is Yes and positive,"Parirenyatwa Group of Hospitals Discharge, Sally Mugabe CH Discharge"
Investigation two-step pattern,Result/detail fields hidden until the clinician confirms the investigation was performed or equipment was available.,CUSSR,Result of CUSS,$IMAGING = 'CUSS',Shown when imaging performed is Cranial Ultrasound Scan,"Bindura Hospital Discharge, Chinhoyi Provincial Hospital Discharge, Parirenyatwa Group of Hospitals Discharge, Sally Mugabe CH Discharge"
Investigation two-step pattern,Result/detail fields hidden until the clinician confirms the investigation was performed or equipment was available.,CUSSdate,Date of CUSS,$IMAGING = 'CUSS',Shown when imaging performed is Cranial Ultrasound Scan,"Bindura Hospital Discharge, Chinhoyi Provincial Hospital Discharge, Parirenyatwa Group of Hospitals Discharge, Sally Mugabe CH Discharge"
Investigation two-step pattern,Result/detail fields hidden until the clinician confirms the investigation was performed or equipment was available.,CXRR,Result of CXR,$IMAGING = 'CXR',Shown when imaging performed is Chest X-Ray,"Bindura Hospital Discharge, Chinhoyi Provincial Hospital Discharge, Parirenyatwa Group of Hospitals Discharge, Sally Mugabe CH Discharge"
Investigation two-step pattern,Result/detail fields hidden until the clinician confirms the investigation was performed or equipment was available.,CXRdate,Date of CXR,$IMAGING = 'CXR',Shown when imaging performed is Chest X-Ray,"Bindura Hospital Discharge, Chinhoyi Provincial Hospital Discharge, Parirenyatwa Group of Hospitals Discharge, Sally Mugabe CH Discharge"
Investigation two-step pattern,Result/detail fields hidden until the clinician confirms the investigation was performed or equipment was available.,ChestAusc,Chest auscultation,$Stethoscope = true,Shown when stethoscope available: Yes,"Bindura Hospital Admission, Chinhoyi Provincial Hospital Admission, Generic PHC Admission, Kasungu District Hospital Neotree Admission, Neotree Admission, Parirenyatwa Group of Hospitals Admission"
Investigation two-step pattern,Result/detail fields hidden until the clinician confirms the investigation was performed or equipment was available.,Creatinine2R,Final Creatinine (micromol/l),$UE2 = true,Shown when follow-up UE ordered: Yes,"Bindura Hospital Discharge, Chinhoyi Provincial Hospital Discharge, Parirenyatwa Group of Hospitals Discharge, Sally Mugabe CH Discharge"
Investigation two-step pattern,Result/detail fields hidden until the clinician confirms the investigation was performed or equipment was available.,DNAPCRResult,What was the result?,$DNAPCR = 'Y',Shown when HIV DNA PCR ordered is Yes,Sally Mugabe CH Discharge
Investigation two-step pattern,Result/detail fields hidden until the clinician confirms the investigation was performed or equipment was available.,DateFBC2,Date of final FBC,$FBC2 = true,Shown when follow-up FBC ordered: Yes,"Bindura Hospital Discharge, Chinhoyi Provincial Hospital Discharge, Parirenyatwa Group of Hospitals Discharge, Sally Mugabe CH Discharge"
Investigation two-step pattern,Result/detail fields hidden until the clinician confirms the investigation was performed or equipment was available.,DateVDRLSameHIV,Date of syphilis test same as HIV test?,$ANVDRL = 'Y',Shown when antenatal syphilis test done is Yes,Generic PHC Admission
Investigation two-step pattern,Result/detail fields hidden until the clinician confirms the investigation was performed or equipment was available.,ECHOR,Result of Echo,$IMAGING = 'ECHO',Shown when imaging performed is Echocardiography,"Bindura Hospital Discharge, Chinhoyi Provincial Hospital Discharge, Parirenyatwa Group of Hospitals Discharge, Sally Mugabe CH Discharge"
Investigation two-step pattern,Result/detail fields hidden until the clinician confirms the investigation was performed or equipment was available.,ECHOdate,Date of Echo,$IMAGING = 'ECHO',Shown when imaging performed is Echocardiography,"Bindura Hospital Discharge, Chinhoyi Provincial Hospital Discharge, Parirenyatwa Group of Hospitals Discharge, Sally Mugabe CH Discharge"
Investigation two-step pattern,Result/detail fields hidden until the clinician confirms the investigation was performed or equipment was available.,FBCdate1,Date of initial FBC,$FBC = true,Shown when full blood count ordered: Yes,"Bindura Hospital Discharge, Chinhoyi Provincial Hospital Discharge, Parirenyatwa Group of Hospitals Discharge, Sally Mugabe CH Discharge"
Investigation two-step pattern,Result/detail fields hidden until the clinician confirms the investigation was performed or equipment was available.,GLUC1R,Initial glucose (mmol/l),$GLUC = true,Shown when blood glucose measured: Yes,"Bindura Hospital Discharge, Chinhoyi Provincial Hospital Discharge, Parirenyatwa Group of Hospitals Discharge, Sally Mugabe CH Discharge"
Investigation two-step pattern,Result/detail fields hidden until the clinician confirms the investigation was performed or equipment was available.,GLUCdate1,Date of initial glucose,$GLUC = true,Shown when blood glucose measured: Yes,"Bindura Hospital Discharge, Chinhoyi Provincial Hospital Discharge, Parirenyatwa Group of Hospitals Discharge, Sally Mugabe CH Discharge"
Investigation two-step pattern,Result/detail fields hidden until the clinician confirms the investigation was performed or equipment was available.,Glucdate2,Date of final glucose,$GLUC2 = true,Shown when follow-up glucose measured: Yes,"Bindura Hospital Discharge, Chinhoyi Provincial Hospital Discharge, Parirenyatwa Group of Hospitals Discharge, Sally Mugabe CH Discharge"
Investigation two-step pattern,Result/detail fields hidden until the clinician confirms the investigation was performed or equipment was available.,Glucose2R,Final glucose (mmol/l),$GLUC2 = true,Shown when follow-up glucose measured: Yes,"Bindura Hospital Discharge, Chinhoyi Provincial Hospital Discharge, Parirenyatwa Group of Hospitals Discharge, Sally Mugabe CH Discharge"
Investigation two-step pattern,Result/detail fields hidden until the clinician confirms the investigation was performed or equipment was available.,HAART,Is the mother on HAART? / Maternal HAART Status / Mother on HAART? / Was the baby initiated on HAART? / When did mother start Highly active antiretroviral therapy (HAART)?,$DNAPCRResult = 'R' | $HIVTestResults = 'R' or $MatHIVtest = 'N' or $HIVTestResults = 'U' | $HIVtestResult = 'R' | $HIVtestResult = 'R' or $HIVtestResult = 'U',"Shown when HIV DNA PCR result is Code1
Shown when What was the Result is Reactive or maternal HIV test done is No or What was the Result is Unknown
Shown when baby's HIV test result is Reactive
Shown when baby's HIV test result is Reactive or baby's HIV test result is Unknown","Bindura Hospital Admission, Chinhoyi Provincial Hospital Admission, DHIS2 Mat Outcomes (Retro Data) - Malawi, Generic PHC Admission, Kasungu District Hospital Neotree Admission, Kasungu District Hospital Neotree Discharge, NeoDischarge, Neotree Admission, Parirenyatwa Group of Hospitals Admission, Parirenyatwa Group of Hospitals Discharge, Sally Mugabe CH Admission, Sally Mugabe CH Discharge"
Investigation two-step pattern,Result/detail fields hidden until the clinician confirms the investigation was performed or equipment was available.,HB1R,Initial Haemoglobin (g/dL),$FBC = true,Shown when full blood count ordered: Yes,"Bindura Hospital Discharge, Chinhoyi Provincial Hospital Discharge, Parirenyatwa Group of Hospitals Discharge, Sally Mugabe CH Discharge"
Investigation two-step pattern,Result/detail fields hidden until the clinician confirms the investigation was performed or equipment was available.,Hb2R,Final Haemaglobin (mg/dl),$FBC2 = true,Shown when follow-up FBC ordered: Yes,"Bindura Hospital Discharge, Chinhoyi Provincial Hospital Discharge, Parirenyatwa Group of Hospitals Discharge, Sally Mugabe CH Discharge"
Investigation two-step pattern,Result/detail fields hidden until the clinician confirms the investigation was performed or equipment was available.,HepBRes,Hepatitis B Test Result,$HepBYN = 'Y',Shown when hepatitis B test done is Yes,Neotree Admission
Investigation two-step pattern,Result/detail fields hidden until the clinician confirms the investigation was performed or equipment was available.,HepBdate,Hepatitis B Test Date,$HepBYN = 'Y' | $HepBdate = 'N',"Shown when hepatitis B test done is Yes
Shown when Hepatitis B Test Date is No","Generic PHC Admission, Kasungu District Hospital Neotree Admission, Neotree Admission"
Investigation two-step pattern,Result/detail fields hidden until the clinician confirms the investigation was performed or equipment was available.,HypoSymptoms,Symptomatic? / Symptomatic? ,$BloodSugarmmol < 2.5 or $BloodSugarmg < 45 | $BloodSugarmmol < 2.6 or $BloodSugarmg < 46.8,"Shown when blood sugar (mmol/L) is less than 2.5 or blood sugar (mg/dL) is less than 45
Shown when blood sugar (mmol/L) is less than 2.6 or blood sugar (mg/dL) is less than 46.8","Bindura Hospital Admission, Chinhoyi Provincial Hospital Admission, Generic PHC Admission, Kasungu District Hospital Neotree Admission, Neotree Admission, Parirenyatwa Group of Hospitals Admission, Sally Mugabe CH Admission"
Investigation two-step pattern,Result/detail fields hidden until the clinician confirms the investigation was performed or equipment was available.,LPGluc,CSF Glucose (mmol/L),$LPGlucAvail = 'Y',Shown when LP glucose result available is Yes,"Parirenyatwa Group of Hospitals Discharge, Sally Mugabe CH Discharge"
Investigation two-step pattern,Result/detail fields hidden until the clinician confirms the investigation was performed or equipment was available.,LPProt,CSF Protein (mg/dL),$LPProtAvail = 'Y',Shown when LP protein result available is Yes,"Parirenyatwa Group of Hospitals Discharge, Sally Mugabe CH Discharge"
Investigation two-step pattern,Result/detail fields hidden until the clinician confirms the investigation was performed or equipment was available.,LXRR,Result of Limb X-ray,$IMAGING = 'LXR',Shown when imaging performed is Limb X-ray,"Bindura Hospital Discharge, Chinhoyi Provincial Hospital Discharge, Parirenyatwa Group of Hospitals Discharge, Sally Mugabe CH Discharge"
Investigation two-step pattern,Result/detail fields hidden until the clinician confirms the investigation was performed or equipment was available.,LXRdate,Date of Limb X-ray,$IMAGING = 'LXR',Shown when imaging performed is Limb X-ray,"Bindura Hospital Discharge, Chinhoyi Provincial Hospital Discharge, Parirenyatwa Group of Hospitals Discharge, Sally Mugabe CH Discharge"
Investigation two-step pattern,Result/detail fields hidden until the clinician confirms the investigation was performed or equipment was available.,ManualHR,Manual Heart Rate (beats per minute) / Manual Heart Rate (beats/min),$NoPulseOx = true | $SatsMonAvailable = 'N',"Shown when pulse oximeter not available: Yes
Shown when pulse oximeter available is No","Bindura Hospital Admission, Chinhoyi Provincial Hospital Admission, Generic PHC Admission, Kasungu District Hospital Neotree Admission, Neotree Admission, Parirenyatwa Group of Hospitals Admission, Sally Mugabe CH Admission"
Investigation two-step pattern,Result/detail fields hidden until the clinician confirms the investigation was performed or equipment was available.,Murmur,Heart sounds,$Stethoscope = true,Shown when stethoscope available: Yes,"Bindura Hospital Admission, Chinhoyi Provincial Hospital Admission, Generic PHC Admission, Kasungu District Hospital Neotree Admission, Neotree Admission, Parirenyatwa Group of Hospitals Admission, Sally Mugabe CH Admission"
Investigation two-step pattern,Result/detail fields hidden until the clinician confirms the investigation was performed or equipment was available.,OTHXRR,Other Imaging Result,$IMAGING = 'OTH',Shown when imaging performed is Other imaging,"Bindura Hospital Discharge, Chinhoyi Provincial Hospital Discharge, Parirenyatwa Group of Hospitals Discharge, Sally Mugabe CH Discharge"
Investigation two-step pattern,Result/detail fields hidden until the clinician confirms the investigation was performed or equipment was available.,OTHXRdate,Date of Other Imaging,$IMAGING = 'OTH',Shown when imaging performed is Other imaging,"Bindura Hospital Discharge, Chinhoyi Provincial Hospital Discharge, Parirenyatwa Group of Hospitals Discharge, Sally Mugabe CH Discharge"
Investigation two-step pattern,Result/detail fields hidden until the clinician confirms the investigation was performed or equipment was available.,PLT1R,Initial platelet count (10*9/L),$FBC = true,Shown when full blood count ordered: Yes,"Bindura Hospital Discharge, Chinhoyi Provincial Hospital Discharge, Parirenyatwa Group of Hospitals Discharge, Sally Mugabe CH Discharge"
Investigation two-step pattern,Result/detail fields hidden until the clinician confirms the investigation was performed or equipment was available.,PLT2R,Final Platelets (10*9/l),$FBC2 = true,Shown when follow-up FBC ordered: Yes,"Bindura Hospital Discharge, Chinhoyi Provincial Hospital Discharge, Parirenyatwa Group of Hospitals Discharge, Sally Mugabe CH Discharge"
Investigation two-step pattern,Result/detail fields hidden until the clinician confirms the investigation was performed or equipment was available.,POT1R,Initial potassium (mmol/l),$UE = true,Shown when urea & electrolytes ordered: Yes,"Bindura Hospital Discharge, Chinhoyi Provincial Hospital Discharge, Parirenyatwa Group of Hospitals Discharge, Sally Mugabe CH Discharge"
Investigation two-step pattern,Result/detail fields hidden until the clinician confirms the investigation was performed or equipment was available.,PROPHYLAXIS,Was the baby given HIV prophylaxis?,$HIVtestResult = 'R' and $DNAPCRResult = 'NR',"Shown when baby's HIV test result is Reactive, and HIV DNA PCR result is Code 0",Sally Mugabe CH Discharge
Investigation two-step pattern,Result/detail fields hidden until the clinician confirms the investigation was performed or equipment was available.,PartnerTrSyph,Was the partner treated?,$ANVDRLResult = 'P' | $ANVDRLResult = 'P' or $ANVDRL = 'U',"Shown when antenatal VDRL result is POSITIVE
Shown when antenatal VDRL result is POSITIVE or antenatal syphilis test done is Not Sure","Bindura Hospital Admission, Chinhoyi Provincial Hospital Admission, Generic PHC Admission, Parirenyatwa Group of Hospitals Admission, Sally Mugabe CH Admission"
Investigation two-step pattern,Result/detail fields hidden until the clinician confirms the investigation was performed or equipment was available.,Potassium2R,Final Potassium (mmol/l),$UE2 = true,Shown when follow-up UE ordered: Yes,"Bindura Hospital Discharge, Chinhoyi Provincial Hospital Discharge, Parirenyatwa Group of Hospitals Discharge, Sally Mugabe CH Discharge"
Investigation two-step pattern,Result/detail fields hidden until the clinician confirms the investigation was performed or equipment was available.,ROPReview,When is the follow-up review for retinopathy of prematurity screening scheduled?,$ROPResult != 'NoROP',Shown when ROP screening result is not No signs of retinopathy are observed.,Sally Mugabe CH Discharge
Investigation two-step pattern,Result/detail fields hidden until the clinician confirms the investigation was performed or equipment was available.,SOD1R,Initial sodium (mmol/l),$UE = true,Shown when urea & electrolytes ordered: Yes,"Bindura Hospital Discharge, Chinhoyi Provincial Hospital Discharge, Parirenyatwa Group of Hospitals Discharge, Sally Mugabe CH Discharge"
Investigation two-step pattern,Result/detail fields hidden until the clinician confirms the investigation was performed or equipment was available.,SatsAir,Oxygen Sats in Air (%),$SatsMonAvailable = 'Y',Shown when pulse oximeter available is Yes,"Generic PHC Admission, Kasungu District Hospital Neotree Admission"
Investigation two-step pattern,Result/detail fields hidden until the clinician confirms the investigation was performed or equipment was available.,Sodium2R,Final Sodium (mmol/l),$UE2 = true,Shown when follow-up UE ordered: Yes,"Bindura Hospital Discharge, Chinhoyi Provincial Hospital Discharge, Parirenyatwa Group of Hospitals Discharge, Sally Mugabe CH Discharge"
Investigation two-step pattern,Result/detail fields hidden until the clinician confirms the investigation was performed or equipment was available.,TORCHRe,Blood test results,$TORCH = true,Shown when TORCH serology performed: Yes,"Parirenyatwa Group of Hospitals Discharge, Sally Mugabe CH Discharge"
Investigation two-step pattern,Result/detail fields hidden until the clinician confirms the investigation was performed or equipment was available.,TORCHdate,Date of TORCH screen,$TORCH = true,Shown when TORCH serology performed: Yes,"Parirenyatwa Group of Hospitals Discharge, Sally Mugabe CH Discharge"
Investigation two-step pattern,Result/detail fields hidden until the clinician confirms the investigation was performed or equipment was available.,Temperature,Temperature (degs C),$ThermAvailable = 'Y',Shown when thermometer available is Yes,Generic PHC Admission
Investigation two-step pattern,Result/detail fields hidden until the clinician confirms the investigation was performed or equipment was available.,UEdate1,Date of initial UE,$UE = true,Shown when urea & electrolytes ordered: Yes,"Bindura Hospital Discharge, Chinhoyi Provincial Hospital Discharge, Parirenyatwa Group of Hospitals Discharge, Sally Mugabe CH Discharge"
Investigation two-step pattern,Result/detail fields hidden until the clinician confirms the investigation was performed or equipment was available.,UEdate2,Date of final UE,$UE2 = true,Shown when follow-up UE ordered: Yes,"Bindura Hospital Discharge, Chinhoyi Provincial Hospital Discharge, Parirenyatwa Group of Hospitals Discharge, Sally Mugabe CH Discharge"
Investigation two-step pattern,Result/detail fields hidden until the clinician confirms the investigation was performed or equipment was available.,UR1R,Initial Urea (mmol/l),$UE = true,Shown when urea & electrolytes ordered: Yes,"Bindura Hospital Discharge, Chinhoyi Provincial Hospital Discharge, Parirenyatwa Group of Hospitals Discharge, Sally Mugabe CH Discharge"
Investigation two-step pattern,Result/detail fields hidden until the clinician confirms the investigation was performed or equipment was available.,Urea2R,Final Urea (mmol/l),$UE2 = true,Shown when follow-up UE ordered: Yes,"Bindura Hospital Discharge, Chinhoyi Provincial Hospital Discharge, Parirenyatwa Group of Hospitals Discharge, Sally Mugabe CH Discharge"
Investigation two-step pattern,Result/detail fields hidden until the clinician confirms the investigation was performed or equipment was available.,WCC1R,Initial WCC (10*9/L),$FBC = true,Shown when full blood count ordered: Yes,"Bindura Hospital Discharge, Chinhoyi Provincial Hospital Discharge, Parirenyatwa Group of Hospitals Discharge, Sally Mugabe CH Discharge"
Investigation two-step pattern,Result/detail fields hidden until the clinician confirms the investigation was performed or equipment was available.,WCC2R,Final WCC (10*9/l),$FBC2 = true,Shown when follow-up FBC ordered: Yes,"Bindura Hospital Discharge, Chinhoyi Provincial Hospital Discharge, Parirenyatwa Group of Hospitals Discharge, Sally Mugabe CH Discharge"
Investigation two-step pattern,Result/detail fields hidden until the clinician confirms the investigation was performed or equipment was available.,otherInv,Please specify other investigation,$Inv = 'other',Shown when investigations done is Other,Sally Mugabe CH Discharge
Investigation two-step pattern,Result/detail fields hidden until the clinician confirms the investigation was performed or equipment was available.,transfontR,Result of Transfontanelle ultrasound scan,$IMAGING = 'transfont',Shown when imaging performed is Transfontanelle ultrasound scan,Sally Mugabe CH Discharge
Investigation two-step pattern,Result/detail fields hidden until the clinician confirms the investigation was performed or equipment was available.,transfontage,Age at Transfontanelle ultrasound scan,$IMAGING = 'transfont',Shown when imaging performed is Transfontanelle ultrasound scan,Sally Mugabe CH Discharge
Investigation two-step pattern,Result/detail fields hidden until the clinician confirms the investigation was performed or equipment was available.,transfontdate,Date of Transfontanelle ultrasound scan,$IMAGING = 'transfont',Shown when imaging performed is Transfontanelle ultrasound scan,Sally Mugabe CH Discharge
HIV pathway,"HAART, viral load, DNA PCR, and prophylaxis fields only shown for HIV-positive or unknown-status patients.",DNAPCR,Did the baby get a DNA PCR test?,$HIVtestResult = 'R' or $HIVtestResult = 'U',Shown when baby's HIV test result is Reactive or baby's HIV test result is Unknown,Sally Mugabe CH Discharge
HIV pathway,"HAART, viral load, DNA PCR, and prophylaxis fields only shown for HIV-positive or unknown-status patients.",DateHIVtest,When was this test? (skip if date unknown),$MatHIVtest = 'Y',Shown when maternal HIV test done is Yes,Generic PHC Admission
HIV pathway,"HAART, viral load, DNA PCR, and prophylaxis fields only shown for HIV-positive or unknown-status patients.",HIVPCRInfD,Date of Infant HIV PCR,$HIVPCRInf = true,Shown when infant HIV PCR result: Yes,"Bindura Hospital Discharge, Chinhoyi Provincial Hospital Discharge, Parirenyatwa Group of Hospitals Discharge, Sally Mugabe CH Discharge"
HIV pathway,"HAART, viral load, DNA PCR, and prophylaxis fields only shown for HIV-positive or unknown-status patients.",HIVPCRInfR,HIV PCR Result for Infant,$HIVPCRInf = true,Shown when infant HIV PCR result: Yes,"Bindura Hospital Discharge, Chinhoyi Provincial Hospital Discharge, Parirenyatwa Group of Hospitals Discharge, Sally Mugabe CH Discharge"
HIV pathway,"HAART, viral load, DNA PCR, and prophylaxis fields only shown for HIV-positive or unknown-status patients.",HIVTestResults,What was the Result?,$MatHIVtest = 'Y',Shown when maternal HIV test done is Yes,DHIS2 Mat Outcomes (Retro Data) - Malawi
HIV pathway,"HAART, viral load, DNA PCR, and prophylaxis fields only shown for HIV-positive or unknown-status patients.",HIVtestReport,Where did you get the HIV testing information from?,$HIVtestResult = 'R' or $HIVtestResult = 'NR',Shown when baby's HIV test result is Reactive or baby's HIV test result is Non Reactive,"Bindura Hospital Admission, Chinhoyi Provincial Hospital Admission, Generic PHC Admission, Parirenyatwa Group of Hospitals Admission, Sally Mugabe CH Admission"
HIV pathway,"HAART, viral load, DNA PCR, and prophylaxis fields only shown for HIV-positive or unknown-status patients.",HIVtestResult,HIV test result / Mothers HIV Status,$MatHIVtest = 'Y' | $MatHIVtest = true,"Shown when maternal HIV test done is Yes
Shown when maternal HIV test done: Yes","Generic PHC Admission, Sally Mugabe CH Discharge"
HIV pathway,"HAART, viral load, DNA PCR, and prophylaxis fields only shown for HIV-positive or unknown-status patients.",LengthHAART,Mother on HAART since when?,$HAART = 'Y',Shown when mother on HAART is Yes,"Bindura Hospital Admission, Chinhoyi Provincial Hospital Admission, Generic PHC Admission, Kasungu District Hospital Neotree Admission, Kasungu District Hospital Neotree Discharge, NeoDischarge, Neotree Admission, Parirenyatwa Group of Hospitals Admission, Parirenyatwa Group of Hospitals Discharge, Sally Mugabe CH Admission"
HIV pathway,"HAART, viral load, DNA PCR, and prophylaxis fields only shown for HIV-positive or unknown-status patients.",MatHIVPD,Maternal HIV test date,$MatHIVP = true,Shown when mother HIV positive: Yes,"Bindura Hospital Discharge, Chinhoyi Provincial Hospital Discharge, Parirenyatwa Group of Hospitals Discharge, Sally Mugabe CH Discharge"
HIV pathway,"HAART, viral load, DNA PCR, and prophylaxis fields only shown for HIV-positive or unknown-status patients.",MatHIVPR,Maternal HIV test result (postnatal),$MatHIVP = true,Shown when mother HIV positive: Yes,"Bindura Hospital Discharge, Chinhoyi Provincial Hospital Discharge, Parirenyatwa Group of Hospitals Discharge, Sally Mugabe CH Discharge"
HIV pathway,"HAART, viral load, DNA PCR, and prophylaxis fields only shown for HIV-positive or unknown-status patients.",MatPART,Maternal ART Commenced Postnatally?,$MatHIVPR = 'P',Shown when maternal HIV PCR result is Code 1,"Bindura Hospital Discharge, Chinhoyi Provincial Hospital Discharge, Parirenyatwa Group of Hospitals Discharge, Sally Mugabe CH Discharge"
HIV pathway,"HAART, viral load, DNA PCR, and prophylaxis fields only shown for HIV-positive or unknown-status patients.",TestThisPreg,Test during this pregnancy? / Was the HIV test done during this pregnancy?,$MatHIVtest = 'Y',Shown when maternal HIV test done is Yes,"DHIS2 Mat Outcomes (Retro Data) - Malawi, Generic PHC Admission"
HIV pathway,"HAART, viral load, DNA PCR, and prophylaxis fields only shown for HIV-positive or unknown-status patients.",VLKnown,Do you know the viral load?,$HAART= 'Y' | $MatHIVtest = 'Y' and $HAART= 'Y',"Shown when mother on HAART is Yes
Shown when maternal HIV test done is Yes, and mother on HAART is Yes","Bindura Hospital Admission, Chinhoyi Provincial Hospital Admission, Generic PHC Admission, Parirenyatwa Group of Hospitals Admission, Sally Mugabe CH Admission"
HIV pathway,"HAART, viral load, DNA PCR, and prophylaxis fields only shown for HIV-positive or unknown-status patients.",VLNumber,Viral Load / Viral Load (copies/ml),$VLKnown = 'Y',Shown when viral load known is Yes,"Bindura Hospital Admission, Chinhoyi Provincial Hospital Admission, Generic PHC Admission, Parirenyatwa Group of Hospitals Admission, Sally Mugabe CH Admission"
HIV pathway,"HAART, viral load, DNA PCR, and prophylaxis fields only shown for HIV-positive or unknown-status patients.",VLtxt,Viral load details,$VLKnown = 'Y',Shown when viral load known is Yes,Generic PHC Admission
Syphilis pathway,Treatment and result detail fields only shown after a positive or equivocal syphilis screen.,ANMatSyphTreat,COMPLETED treatment for syphilis antenatally? / COMPLETED treatment for syphilis?,$ANVDRLResult = 'P' or $ANVDRLResult = 'U',Shown when antenatal VDRL result is POSITIVE or antenatal VDRL result is Unknown/Equivocal,"Bindura Hospital Admission, Chinhoyi Provincial Hospital Admission, Generic PHC Admission, Kasungu District Hospital Neotree Admission, Kasungu District Hospital Neotree Discharge, NeoDischarge, Neotree Admission, Parirenyatwa Group of Hospitals Admission, Parirenyatwa Group of Hospitals Discharge, Sally Mugabe CH Admission, Sally Mugabe CH Discharge"
Syphilis pathway,Treatment and result detail fields only shown after a positive or equivocal syphilis screen.,ANVDRLReport,How did you receive the information about syphilis testing?,$ANVDRLResult = 'P' or $ANVDRLResult = 'N',Shown when antenatal VDRL result is POSITIVE or antenatal VDRL result is NEGATIVE,"Bindura Hospital Admission, Chinhoyi Provincial Hospital Admission, Generic PHC Admission, Parirenyatwa Group of Hospitals Admission, Sally Mugabe CH Admission"
Syphilis pathway,Treatment and result detail fields only shown after a positive or equivocal syphilis screen.,MatRPRR,Maternal RPR Result,$MatRPR = true,Shown when maternal RPR test done: Yes,"Bindura Hospital Discharge, Chinhoyi Provincial Hospital Discharge, Parirenyatwa Group of Hospitals Discharge, Sally Mugabe CH Discharge"
Syphilis pathway,Treatment and result detail fields only shown after a positive or equivocal syphilis screen.,MatRPRT,Mother treated for syphilis postnatally?,$MatRPRR = 'P',Shown when maternal RPR result is Positive,"Bindura Hospital Discharge, Chinhoyi Provincial Hospital Discharge, Parirenyatwa Group of Hospitals Discharge, Sally Mugabe CH Discharge"
Syphilis pathway,Treatment and result detail fields only shown after a positive or equivocal syphilis screen.,SyphAct,If not what action was taken?,$ANMatSyphTreat = 'N',Shown when antenatal syphilis treatment given is No,"Bindura Hospital Admission, Chinhoyi Provincial Hospital Admission, Generic PHC Admission, Parirenyatwa Group of Hospitals Admission, Sally Mugabe CH Admission"
Medication / treatment then detailed,"Dose, route, timing, and product-type fields only shown after confirming treatment was administered.",ANSterCrse,When were the steroids given?,$ANSteroids = 'Y',Shown when antenatal steroids given is Yes,"Generic PHC Admission, Kasungu District Hospital Neotree Admission, Neotree Admission, Parirenyatwa Group of Hospitals Admission"
Medication / treatment then detailed,"Dose, route, timing, and product-type fields only shown after confirming treatment was administered.",BCGD,When was BCG given?,$BCG = 'Y',Shown when BCG vaccine given is Yes,"Bindura Hospital Discharge, Chinhoyi Provincial Hospital Discharge"
Medication / treatment then detailed,"Dose, route, timing, and product-type fields only shown after confirming treatment was administered.",DurAZT,Duration AZT (Zidovudine),$MedsGiven = 'AZT',Shown when medications given is AZT (Zidovudine),"Bindura Hospital Discharge, Chinhoyi Provincial Hospital Discharge, Parirenyatwa Group of Hospitals Discharge, Sally Mugabe CH Discharge"
Medication / treatment then detailed,"Dose, route, timing, and product-type fields only shown after confirming treatment was administered.",DurAmik,Duration Amikacin,$MedsGiven = 'AMIK',Shown when medications given is Amikacin,"Bindura Hospital Discharge, Chinhoyi Provincial Hospital Discharge, Parirenyatwa Group of Hospitals Discharge, Sally Mugabe CH Discharge"
Medication / treatment then detailed,"Dose, route, timing, and product-type fields only shown after confirming treatment was administered.",DurAmin,Duration Aminophylline,$MedsGiven = 'AMIN',Shown when medications given is Aminophylline,"Bindura Hospital Discharge, Chinhoyi Provincial Hospital Discharge, Parirenyatwa Group of Hospitals Discharge, Sally Mugabe CH Discharge"
Medication / treatment then detailed,"Dose, route, timing, and product-type fields only shown after confirming treatment was administered.",DurAmox,Duration Amoxicillin,$MedsGiven = 'AMOX',Shown when medications given is Amoxicillin,"Bindura Hospital Discharge, Chinhoyi Provincial Hospital Discharge, Parirenyatwa Group of Hospitals Discharge, Sally Mugabe CH Discharge"
Medication / treatment then detailed,"Dose, route, timing, and product-type fields only shown after confirming treatment was administered.",DurAmp,Duration Ampicillin,$MedsGiven = 'AMP',Shown when medications given is Ampicillin,"Bindura Hospital Discharge, Chinhoyi Provincial Hospital Discharge, Parirenyatwa Group of Hospitals Discharge, Sally Mugabe CH Discharge"
Medication / treatment then detailed,"Dose, route, timing, and product-type fields only shown after confirming treatment was administered.",DurBP,Duration X-penicillin,$MedsGiven = 'BP',Shown when medications given is X penicillin,"Bindura Hospital Discharge, Chinhoyi Provincial Hospital Discharge, Parirenyatwa Group of Hospitals Discharge, Sally Mugabe CH Discharge"
Medication / treatment then detailed,"Dose, route, timing, and product-type fields only shown after confirming treatment was administered.",DurCaff,Duration Caffeine,$MedsGiven = 'CAF',Shown when medications given is Caffeine,"Bindura Hospital Discharge, Chinhoyi Provincial Hospital Discharge, Parirenyatwa Group of Hospitals Discharge, Sally Mugabe CH Discharge"
Medication / treatment then detailed,"Dose, route, timing, and product-type fields only shown after confirming treatment was administered.",DurCef,Duration Ceftriaxone,$MedsGiven = 'CEF',Shown when medications given is Ceftriaxone,"Bindura Hospital Discharge, Chinhoyi Provincial Hospital Discharge, Parirenyatwa Group of Hospitals Discharge, Sally Mugabe CH Discharge"
Medication / treatment then detailed,"Dose, route, timing, and product-type fields only shown after confirming treatment was administered.",DurChlor,Duration Chloramphenicol,$MedsGiven = 'CHLO',Shown when medications given is Chloramphenicol,"Bindura Hospital Discharge, Chinhoyi Provincial Hospital Discharge, Parirenyatwa Group of Hospitals Discharge, Sally Mugabe CH Discharge"
Medication / treatment then detailed,"Dose, route, timing, and product-type fields only shown after confirming treatment was administered.",DurClox,Duration Cloxacillin,$MedsGiven = 'CLOX',Shown when medications given is Cloxacillin,"Bindura Hospital Discharge, Chinhoyi Provincial Hospital Discharge, Parirenyatwa Group of Hospitals Discharge, Sally Mugabe CH Discharge"
Medication / treatment then detailed,"Dose, route, timing, and product-type fields only shown after confirming treatment was administered.",DurFol,Duration Folate,$MedsGiven = 'FOL',Shown when medications given is Folate,"Bindura Hospital Discharge, Chinhoyi Provincial Hospital Discharge, Parirenyatwa Group of Hospitals Discharge, Sally Mugabe CH Discharge"
Medication / treatment then detailed,"Dose, route, timing, and product-type fields only shown after confirming treatment was administered.",DurGent,Duration Gentamicin,$MedsGiven = 'GENT',Shown when medications given is Gentamicin,"Bindura Hospital Discharge, Chinhoyi Provincial Hospital Discharge, Parirenyatwa Group of Hospitals Discharge, Sally Mugabe CH Discharge"
Medication / treatment then detailed,"Dose, route, timing, and product-type fields only shown after confirming treatment was administered.",DurIVIG,Duration IVIG,$JaunMgmt = 'IVIG',Shown when jaundice management given is Intravenous Immunoglobulin (IVIG),"Bindura Hospital Discharge, Chinhoyi Provincial Hospital Discharge, Parirenyatwa Group of Hospitals Discharge, Sally Mugabe CH Discharge"
Medication / treatment then detailed,"Dose, route, timing, and product-type fields only shown after confirming treatment was administered.",DurImi,Duration Imipenem,$MedsGiven = 'IMI',Shown when medications given is Imipenam,"Bindura Hospital Discharge, Chinhoyi Provincial Hospital Discharge, Parirenyatwa Group of Hospitals Discharge, Sally Mugabe CH Discharge"
Medication / treatment then detailed,"Dose, route, timing, and product-type fields only shown after confirming treatment was administered.",DurIron,Duration Iron,$MedsGiven = 'IRON',Shown when medications given is Iron,"Bindura Hospital Discharge, Chinhoyi Provincial Hospital Discharge, Parirenyatwa Group of Hospitals Discharge, Sally Mugabe CH Discharge"
Medication / treatment then detailed,"Dose, route, timing, and product-type fields only shown after confirming treatment was administered.",DurMero,Duration Meropenem,$MedsGiven = 'MERO',Shown when medications given is Meropenem,"Bindura Hospital Discharge, Chinhoyi Provincial Hospital Discharge, Parirenyatwa Group of Hospitals Discharge, Sally Mugabe CH Discharge"
Medication / treatment then detailed,"Dose, route, timing, and product-type fields only shown after confirming treatment was administered.",DurMet,Duration Metronidazole,$MedsGiven = 'MET',Shown when medications given is Metronidazole,"Bindura Hospital Discharge, Chinhoyi Provincial Hospital Discharge, Parirenyatwa Group of Hospitals Discharge, Sally Mugabe CH Discharge"
Medication / treatment then detailed,"Dose, route, timing, and product-type fields only shown after confirming treatment was administered.",DurNVP,Duration Nevirapine,$MedsGiven = 'NVP',Shown when medications given is Nevirapine,"Bindura Hospital Discharge, Chinhoyi Provincial Hospital Discharge, Parirenyatwa Group of Hospitals Discharge, Sally Mugabe CH Discharge"
Medication / treatment then detailed,"Dose, route, timing, and product-type fields only shown after confirming treatment was administered.",DurPheno,Duration Phenobarbitone,$MedsGiven = 'PHEN',Shown when medications given is Phenobarbitone,"Bindura Hospital Discharge, Chinhoyi Provincial Hospital Discharge, Parirenyatwa Group of Hospitals Discharge, Sally Mugabe CH Discharge"
Medication / treatment then detailed,"Dose, route, timing, and product-type fields only shown after confirming treatment was administered.",DurProc,Duration Procaine Penicillin,$MedsGiven = 'PROC',Shown when medications given is Procaine Penicillin,"Bindura Hospital Discharge, Chinhoyi Provincial Hospital Discharge, Parirenyatwa Group of Hospitals Discharge, Sally Mugabe CH Discharge"
Medication / treatment then detailed,"Dose, route, timing, and product-type fields only shown after confirming treatment was administered.",DurVanc,Duration Vancomycin,$MedsGiven = 'VAN',Shown when medications given is Vancomycin,"Bindura Hospital Discharge, Chinhoyi Provincial Hospital Discharge, Parirenyatwa Group of Hospitals Discharge, Sally Mugabe CH Discharge"
Medication / treatment then detailed,"Dose, route, timing, and product-type fields only shown after confirming treatment was administered.",Freq,"Frequency of feed (hours) 3 = 3 hourly,  2 = 2 hourly",$FFTypePl = 'EBMNG' or $FFTypePl = 'EBMcup' or $FFTypePl = 'FormNG' or $FFTypePl = 'Formcup',Shown when FFP/platelet type is EBM via NGT or OGT or FFP/platelet type is EBM via cup or FFP/platelet type is Formula via NGT/OGT or FFP/platelet type is Formula via cup,Generic PHC Admission
Medication / treatment then detailed,"Dose, route, timing, and product-type fields only shown after confirming treatment was administered.",MoreTrans,If more than one kind then what kinds? / If more than one type then what type?,$TransType = 'M',Shown when transfusion type is More than one kind,"Bindura Hospital Discharge, Chinhoyi Provincial Hospital Discharge, Parirenyatwa Group of Hospitals Discharge, Sally Mugabe CH Discharge"
Medication / treatment then detailed,"Dose, route, timing, and product-type fields only shown after confirming treatment was administered.",NoOfTimesInTheater,Number of times the mother went to the theater?,$PeritonitisTreatment = 'THRE',Shown when peritonitis treatment given is Theater,"DHIS2 Mat Outcomes (Retro Data) - Malawi, Maternal Outcomes (Retrospective Data) - Malawi"
Medication / treatment then detailed,"Dose, route, timing, and product-type fields only shown after confirming treatment was administered.",RefDia,Referral Diagnoses,$Plan = 'RefKCH' | $Plan = 'RefKCH' or $Plan = 'RefKDH' | $Plan = 'RefSMCH' | $Refplan = 'RefPH' or $Refplan = 'RefTH',"Shown when discharge plan made is Referral to Kamuzu Central Hospital
Shown when discharge plan made is Referral to Kamuzu Central Hospital or discharge plan made is Referral to Kasungu District Hospital
Shown when discharge plan made is Refer to Sally Mugabe Central Hospital
Shown when referral planned is ""RefPH"" or referral planned is ""RefTH""","Bindura Hospital Admission, Chinhoyi Provincial Hospital Admission, Generic PHC Admission, Kasungu District Hospital Neotree Admission, Parirenyatwa Group of Hospitals Admission"
Medication / treatment then detailed,"Dose, route, timing, and product-type fields only shown after confirming treatment was administered.",SVol,Volume to be given at each FEED (ml),$FFTypePl = 'EBMNG' or $FFTypePl = 'EBMcup' or $FFTypePl = 'FormNG' or $FFTypePl = 'Formcup',Shown when FFP/platelet type is EBM via NGT or OGT or FFP/platelet type is EBM via cup or FFP/platelet type is Formula via NGT/OGT or FFP/platelet type is Formula via cup,Generic PHC Admission
Medication / treatment then detailed,"Dose, route, timing, and product-type fields only shown after confirming treatment was administered.",TotVolFd,Total FEED volume (ml/kg/24),$FFTypePl = 'EBMNG' or $FFTypePl = 'EBMcup' or $FFTypePl = 'FormNG' or $FFTypePl = 'Formcup',Shown when FFP/platelet type is EBM via NGT or OGT or FFP/platelet type is EBM via cup or FFP/platelet type is Formula via NGT/OGT or FFP/platelet type is Formula via cup,Generic PHC Admission
Medication / treatment then detailed,"Dose, route, timing, and product-type fields only shown after confirming treatment was administered.",TransNumber,How many transfusions?,$Transfusion = 'Y',Shown when blood transfusion given is Yes,"Bindura Hospital Discharge, Chinhoyi Provincial Hospital Discharge, Parirenyatwa Group of Hospitals Discharge, Sally Mugabe CH Discharge"
Medication / treatment then detailed,"Dose, route, timing, and product-type fields only shown after confirming treatment was administered.",TransType,Type of Blood Product Transfused / What type of transfusion?,$Transfusion = 'Y',Shown when blood transfusion given is Yes,"Bindura Hospital Discharge, Chinhoyi Provincial Hospital Discharge, Parirenyatwa Group of Hospitals Discharge, Sally Mugabe CH Discharge"
Medication / treatment then detailed,"Dose, route, timing, and product-type fields only shown after confirming treatment was administered.",Transdate,Date transfusion given,$Transfusion = 'Y',Shown when blood transfusion given is Yes,Sally Mugabe CH Discharge
Medication / treatment then detailed,"Dose, route, timing, and product-type fields only shown after confirming treatment was administered.",TxHb,Lowest Haemoglobin (g/dL),$Transfusion = 'Y',Shown when blood transfusion given is Yes,"Bindura Hospital Discharge, Chinhoyi Provincial Hospital Discharge, Parirenyatwa Group of Hospitals Discharge, Sally Mugabe CH Discharge"
Medication / treatment then detailed,"Dose, route, timing, and product-type fields only shown after confirming treatment was administered.",VitKN,Why hasn't the baby received vitamin K?,$VitK = 'N',Shown when vitamin K given is No,"Generic PHC Admission, Kasungu District Hospital Neotree Admission, Neotree Admission"
Medication / treatment then detailed,"Dose, route, timing, and product-type fields only shown after confirming treatment was administered.",WW,Weight of baby (grams),!($FFTypePl= 'BF') or !(FFTypePl = 'NBM'),Shown when NOT (FFP/platelet type is Breastfeeding) or NOT (FFP/platelet type is Nil by mouth),Generic PHC Admission
Medication / treatment then detailed,"Dose, route, timing, and product-type fields only shown after confirming treatment was administered.",otherMeds,Please specify other medication,$Meds = 'other',Shown when discharge medications is Other,Sally Mugabe CH Discharge
Maternal admission and outcome,"Maternal admission source, outcome details, and cause of maternal death gated by admission status and specific outcomes.",DateLastAttendedMother,Date last attended alive,$MatOutcome = 'D',Shown when maternal outcome is Died,"Bindura Hospital Discharge, Chinhoyi Provincial Hospital Discharge, Parirenyatwa Group of Hospitals Discharge, Sally Mugabe CH Discharge"
Maternal admission and outcome,"Maternal admission source, outcome details, and cause of maternal death gated by admission status and specific outcomes.",DateTimeDeathMother,Date and time of death of mother,$MatOutcome = 'D',Shown when maternal outcome is Died,"Bindura Hospital Discharge, Chinhoyi Provincial Hospital Discharge, Parirenyatwa Group of Hospitals Discharge, Sally Mugabe CH Discharge"
Maternal admission and outcome,"Maternal admission source, outcome details, and cause of maternal death gated by admission status and specific outcomes.",MatAddrHaDistrict,"If Harare, which District?",$MatAddrProvince = 'HA',Shown when maternal address province is Harare,"Parirenyatwa Group of Hospitals Discharge, Sally Mugabe CH Admission, Sally Mugabe CH Discharge"
Maternal admission and outcome,"Maternal admission source, outcome details, and cause of maternal death gated by admission status and specific outcomes.",MatAdmPlace,Mothers' Admission Place,$MatAdm = true,Shown when mother admitted: Yes,Sally Mugabe CH Admission
Maternal admission and outcome,"Maternal admission source, outcome details, and cause of maternal death gated by admission status and specific outcomes.",MatAdmPlaceOth,Other,$MatAdmPlace = 'Other',Shown when maternal admission place is Other,Bindura Hospital Admission
Maternal admission and outcome,"Maternal admission source, outcome details, and cause of maternal death gated by admission status and specific outcomes.",MatBldGrp,Mother's Blood Group,$MatBldGrpYN = 'Y',Shown when maternal blood group known is Yes,Parirenyatwa Group of Hospitals Admission
Maternal admission and outcome,"Maternal admission source, outcome details, and cause of maternal death gated by admission status and specific outcomes.",MatCauseDeath,Maternal Cause of Death,$MatOutcome = 'D' or $MatOutcome = 'BID',Shown when maternal outcome is Died or maternal outcome is Brought in Dead,DHIS2 Mat Outcomes (Retro Data) - Malawi
Maternal admission and outcome,"Maternal admission source, outcome details, and cause of maternal death gated by admission status and specific outcomes.",MatDischarge,"If the mother was admitted, is she now discharged?",$MatAdmit = 'Y',Shown when maternal admission is Yes,"Bindura Hospital Discharge, Chinhoyi Provincial Hospital Discharge, Parirenyatwa Group of Hospitals Discharge, Sally Mugabe CH Discharge"
Maternal admission and outcome,"Maternal admission source, outcome details, and cause of maternal death gated by admission status and specific outcomes.",MatReferral,Was the Mother referred to another hospital?,$MatOutcome = 'S',Shown when maternal outcome is Survived,DHIS2 Mat Outcomes (Retro Data) - Malawi
Maternal admission and outcome,"Maternal admission source, outcome details, and cause of maternal death gated by admission status and specific outcomes.",MaternalCauseOfDeath,Enter Cause of Death,$MatOutcome = 'D',Shown when maternal outcome is Died,Maternal Outcomes (Retrospective Data) - Malawi
Maternal admission and outcome,"Maternal admission source, outcome details, and cause of maternal death gated by admission status and specific outcomes.",OtherBirthFacility,Birth Facility (other),$BirthFacility = 'O',Shown when birth facility is Other,"Generic PHC Admission, Kasungu District Hospital Neotree Admission, Parirenyatwa Group of Hospitals Admission"
Maternal admission and outcome,"Maternal admission source, outcome details, and cause of maternal death gated by admission status and specific outcomes.",OtherBirthFacility	,Birth Facility (other),$BirthFacility = 'O',Shown when birth facility is Other,Generic PHC Admission
Maternal admission and outcome,"Maternal admission source, outcome details, and cause of maternal death gated by admission status and specific outcomes.",OtherMatCauseDeath,Other Cause of Death,$MatCauseDeath = 'O',Shown when cause of maternal death is Other,DHIS2 Mat Outcomes (Retro Data) - Malawi
Maternal admission and outcome,"Maternal admission source, outcome details, and cause of maternal death gated by admission status and specific outcomes.",OtherMatDiag,Other Diagnosis,$MaternalDiagnosis = 'OTH',Shown when maternal diagnosis is Other,Maternal Outcomes (Retrospective Data) - Malawi
Maternal admission and outcome,"Maternal admission source, outcome details, and cause of maternal death gated by admission status and specific outcomes.",OutFacility,Where was the patient referred from?,$MaternalAdmissionSource = 'ExtRef',Shown when maternal admission source is External Referral,"DHIS2 Mat Outcomes (Retro Data) - Malawi, Maternal Outcomes (Retrospective Data) - Malawi"
Maternal admission and outcome,"Maternal admission source, outcome details, and cause of maternal death gated by admission status and specific outcomes.",ParityCOD,Parity Causes of Death,$ParityDeadChildren > 0,Shown when history of previous child deaths is greater than 0,Neotree Admission
Maternal admission and outcome,"Maternal admission source, outcome details, and cause of maternal death gated by admission status and specific outcomes.",PlaceBirthTown,Is the place of birth inside of Harare province?,$BirthPlaceSame = false and $PlaceBirth = 'Hosp' or $PlaceBirth = 'HC',"Shown when birth place same as current facility: No, and place of birth is Hospital or place of birth is Health Centre",Sally Mugabe CH Admission
Maternal admission and outcome,"Maternal admission source, outcome details, and cause of maternal death gated by admission status and specific outcomes.",ReasonForReferral,Reason for patient to be referred,$MaternalAdmissionSource = 'ExtRef',Shown when maternal admission source is External Referral,"DHIS2 Mat Outcomes (Retro Data) - Malawi, Maternal Outcomes (Retrospective Data) - Malawi"
Maternal admission and outcome,"Maternal admission source, outcome details, and cause of maternal death gated by admission status and specific outcomes.",STDsOther,Medical conditions in pregnancy,$PregConditions = 'STD',Shown when pregnancy complications is Sexually Transmitted Disease (Other than HIV/sy...,"Generic PHC Admission, Kasungu District Hospital Neotree Admission, Neotree Admission"
Mode of delivery specific,CS reason only for caesarean delivery; BBA details only for out-of-facility births; fetal presentation for specific delivery types.,BBADelO,If other then who?,$BBADel = 'O',Shown when BBA delivery details is Other,"Bindura Hospital Admission, Chinhoyi Provincial Hospital Admission, Generic PHC Admission, Parirenyatwa Group of Hospitals Admission"
Mode of delivery specific,CS reason only for caesarean delivery; BBA details only for out-of-facility births; fetal presentation for specific delivery types.,BBAOt,If other then where?,$BBALoc = 'O',Shown when BBA location is Other,"Bindura Hospital Admission, Chinhoyi Provincial Hospital Admission, Generic PHC Admission, Parirenyatwa Group of Hospitals Admission"
Mode of delivery specific,CS reason only for caesarean delivery; BBA details only for out-of-facility births; fetal presentation for specific delivery types.,CSReason,Reason for C-Section / Reason for C/S:,$ModeDelivery = '4' or $ModeDelivery = '5',Shown when mode of delivery is Elective Caesarian Section (ELCS) or mode of delivery is Emergency Caesarian Section (EMCS),"Bindura Hospital Admission, Chinhoyi Provincial Hospital Admission, Generic PHC Admission, Parirenyatwa Group of Hospitals Admission, Parirenyatwa Group of Hospitals Discharge, Sally Mugabe CH Admission, Sally Mugabe CH Discharge"
Mode of delivery specific,CS reason only for caesarean delivery; BBA details only for out-of-facility births; fetal presentation for specific delivery types.,CSReasonOther,Other Reason for CS,$CSReason = 'O',Shown when reason for caesarean section is Other,Parirenyatwa Group of Hospitals Admission
Mode of delivery specific,CS reason only for caesarean delivery; BBA details only for out-of-facility births; fetal presentation for specific delivery types.,CSreason,Reason for CS,$ModeDelivery = '4' or $ModeDelivery = '5',Shown when mode of delivery is Elective Caesarian Section (ELCS) or mode of delivery is Emergency Caesarian Section (EMCS),"Generic PHC Admission, Kasungu District Hospital Neotree Admission, Neotree Admission"
Mode of delivery specific,CS reason only for caesarean delivery; BBA details only for out-of-facility births; fetal presentation for specific delivery types.,CauseBIDOth,If other what?,$CauseBID = 'O',Shown when cause of BID is Other,"Kasungu District Hospital Neotree Discharge, NeoDischarge, Parirenyatwa Group of Hospitals Discharge, Sally Mugabe CH Discharge"
Mode of delivery specific,CS reason only for caesarean delivery; BBA details only for out-of-facility births; fetal presentation for specific delivery types.,NeoTreeOutcome,Birth Outcome / Outcome,$TypeBirth != 'Abt',Shown when type of birth is not Abortion,"DHIS2 Mat Outcomes (Retro Data) - Malawi, Maternal Outcomes (Retrospective Data) - Malawi"
Mode of delivery specific,CS reason only for caesarean delivery; BBA details only for out-of-facility births; fetal presentation for specific delivery types.,PROM,Rupture of membranes >16h,$ModeDelivery = '1' or $ModeDelivery = '2' or $ModeDelivery = '3' or $ModeDelivery = '5' or $ModeDelivery = '6',Shown when mode of delivery is Spontaneous Vaginal Delivery (SVD) or mode of delivery is Vacuum extraction or mode of delivery is Forceps extraction or mode of delivery is Emergency Caesarian Section (EMCS) or mode of delivery is Breech extraction (vaginal),Parirenyatwa Group of Hospitals Admission
Mode of delivery specific,CS reason only for caesarean delivery; BBA details only for out-of-facility births; fetal presentation for specific delivery types.,Reason,Reason for CS:,$ModeDelivery = '4' or $ModeDelivery = '5',Shown when mode of delivery is Elective Caesarian Section (ELCS) or mode of delivery is Emergency Caesarian Section (EMCS),"DHIS2 Mat Outcomes (Retro Data) - Malawi, Kasungu District Hospital Neotree Discharge, Maternal Outcomes (Retrospective Data) - Malawi, NeoDischarge, Parirenyatwa Group of Hospitals Discharge, Sally Mugabe CH Discharge"
Mode of delivery specific,CS reason only for caesarean delivery; BBA details only for out-of-facility births; fetal presentation for specific delivery types.,ReasonOther,Other Reason for CS / Other Reason for CS  / Other reason for Caesarean,$Reason = 'O' | ($ModeDelivery = '4' or $ModeDelivery = '5') and $Reason = 'O',"Shown when Reason for CS: is Other
Shown when mode of delivery is Elective Caesarian Section (ELCS) or mode of delivery is Emergency Caesarian Section (EMCS), and Reason for CS: is Other","DHIS2 Mat Outcomes (Retro Data) - Malawi, Kasungu District Hospital Neotree Discharge, Maternal Outcomes (Retrospective Data) - Malawi, NeoDischarge, Parirenyatwa Group of Hospitals Discharge, Sally Mugabe CH Discharge"
Resuscitation details,"Duration, type, and respiratory support fields only shown if resuscitation was performed.",CPROut,Outcome of CPR,$Resus = 'CPR',Shown when resuscitation performed is Cardio Pulmonary Resuscitation (CPR),Generic PHC Admission
Resuscitation details,"Duration, type, and respiratory support fields only shown if resuscitation was performed.",DurCPR,Duration of CPR in minutes,$Resus = 'CPR',Shown when resuscitation performed is Cardio Pulmonary Resuscitation (CPR),Generic PHC Admission
Resuscitation details,"Duration, type, and respiratory support fields only shown if resuscitation was performed.",LengthResus,Length of resus (min),$LengthResusKnown = 'Kn',Shown when resuscitation duration known is Known,"Kasungu District Hospital Neotree Discharge, NeoDischarge, Parirenyatwa Group of Hospitals Discharge, Sally Mugabe CH Discharge"
Resuscitation details,"Duration, type, and respiratory support fields only shown if resuscitation was performed.",RESUSOutcome,Select the Resuscitation Outcome. / Select the resuscitation outcome.,$RESUS = 'Y',Shown when resuscitation performed is Yes,"Bindura Hospital Discharge, Chinhoyi Provincial Hospital Discharge, Sally Mugabe CH Discharge"
Resuscitation details,"Duration, type, and respiratory support fields only shown if resuscitation was performed.",RESUSTYPE,Resuscitation Type,$RESUS = 'Y',Shown when resuscitation performed is Yes,"Bindura Hospital Discharge, Chinhoyi Provincial Hospital Discharge, Sally Mugabe CH Discharge"
Resuscitation details,"Duration, type, and respiratory support fields only shown if resuscitation was performed.",SURFAge,Age when surfactant administered,$RESPSUP = 'SURF',Shown when respiratory support given is Surfactant,"Parirenyatwa Group of Hospitals Discharge, Sally Mugabe CH Discharge"
Clinical condition then detailed,Sub-fields for a clinical condition only shown if the screening question for that condition was answered affirmatively.,ALP1R,Initial ALP (iu/l),$Bone = true,Shown when bone disease present: Yes,"Parirenyatwa Group of Hospitals Discharge, Sally Mugabe CH Discharge"
Clinical condition then detailed,Sub-fields for a clinical condition only shown if the screening question for that condition was answered affirmatively.,ALP2R,Final ALP (iu/l),$Bone2 = true,Shown when follow-up bone disease: Yes,"Parirenyatwa Group of Hospitals Discharge, Sally Mugabe CH Discharge"
Clinical condition then detailed,Sub-fields for a clinical condition only shown if the screening question for that condition was answered affirmatively.,AgeB,Age (Days & Hours),$AgeA = 'Y',Shown when age category is Yes,Parirenyatwa Group of Hospitals Discharge
Clinical condition then detailed,Sub-fields for a clinical condition only shown if the screening question for that condition was answered affirmatively.,AgeCat,Age Category?,$AgeA = 'Y',Shown when age category is Yes,"Parirenyatwa Group of Hospitals Discharge, Sally Mugabe CH Discharge"
Clinical condition then detailed,Sub-fields for a clinical condition only shown if the screening question for that condition was answered affirmatively.,Alb,Albumin (g/dL),$Bone = true,Shown when bone disease present: Yes,"Parirenyatwa Group of Hospitals Discharge, Sally Mugabe CH Discharge"
Clinical condition then detailed,Sub-fields for a clinical condition only shown if the screening question for that condition was answered affirmatively.,Alb2,Final Albumin (g/dL),$Bone2 = true,Shown when follow-up bone disease: Yes,"Parirenyatwa Group of Hospitals Discharge, Sally Mugabe CH Discharge"
Clinical condition then detailed,Sub-fields for a clinical condition only shown if the screening question for that condition was answered affirmatively.,BONEdate1,Date of initial Bone Profile,$Bone = true,Shown when bone disease present: Yes,"Parirenyatwa Group of Hospitals Discharge, Sally Mugabe CH Discharge"
Clinical condition then detailed,Sub-fields for a clinical condition only shown if the screening question for that condition was answered affirmatively.,Bonedate2,Date of final Bone Profile,$Bone2 = true,Shown when follow-up bone disease: Yes,"Parirenyatwa Group of Hospitals Discharge, Sally Mugabe CH Discharge"
Clinical condition then detailed,Sub-fields for a clinical condition only shown if the screening question for that condition was answered affirmatively.,CA1R,Initial Calcium (mmol/l),$Bone = true,Shown when bone disease present: Yes,"Parirenyatwa Group of Hospitals Discharge, Sally Mugabe CH Discharge"
Clinical condition then detailed,Sub-fields for a clinical condition only shown if the screening question for that condition was answered affirmatively.,CGA,Corrected Gestational Age (weeks.days),$Gestation < 37,Shown when gestational age is less than 37,Sally Mugabe CH Discharge
Clinical condition then detailed,Sub-fields for a clinical condition only shown if the screening question for that condition was answered affirmatively.,CLIN1,Clinic 1 type?,$CLIN = '1' or $CLIN = '2' or $CLIN = '3',Shown when clinical findings is One or clinical findings is Two or clinical findings is Three,"Kasungu District Hospital Neotree Discharge, NeoDischarge"
Clinical condition then detailed,Sub-fields for a clinical condition only shown if the screening question for that condition was answered affirmatively.,CLIN1DAT,Date of review clinic 1 (DD/MM/YYYY),$CLIN = '1' or $CLIN = '2' or $CLIN = '3',Shown when clinical findings is One or clinical findings is Two or clinical findings is Three,"Kasungu District Hospital Neotree Discharge, NeoDischarge"
Clinical condition then detailed,Sub-fields for a clinical condition only shown if the screening question for that condition was answered affirmatively.,CLIN1OTH,If other clinic 1 where?,$CLIN1 = 'OTH',Shown when clinical finding type 1 is Other,"Kasungu District Hospital Neotree Discharge, NeoDischarge"
Clinical condition then detailed,Sub-fields for a clinical condition only shown if the screening question for that condition was answered affirmatively.,CLIN2,Clinic 2 type?,$CLIN = '2' or $CLIN = '3',Shown when clinical findings is Two or clinical findings is Three,"Kasungu District Hospital Neotree Discharge, NeoDischarge"
Clinical condition then detailed,Sub-fields for a clinical condition only shown if the screening question for that condition was answered affirmatively.,CLIN2DAT,Date of review clinic 2 (DD/MM/YYYY) / Date of review clinic 2 (DD/MM/YYYY)	,$CLIN = '2' or $CLIN = '3',Shown when clinical findings is Two or clinical findings is Three,"Kasungu District Hospital Neotree Discharge, NeoDischarge"
Clinical condition then detailed,Sub-fields for a clinical condition only shown if the screening question for that condition was answered affirmatively.,CLIN2OTH,If other clinic 2 where?,$CLIN2 = 'OTH',Shown when clinical finding type 2 is Other,"Kasungu District Hospital Neotree Discharge, NeoDischarge"
Clinical condition then detailed,Sub-fields for a clinical condition only shown if the screening question for that condition was answered affirmatively.,CLIN3,Clinic 3 type?,$CLIN = '3',Shown when clinical findings is Three,"Kasungu District Hospital Neotree Discharge, NeoDischarge"
Clinical condition then detailed,Sub-fields for a clinical condition only shown if the screening question for that condition was answered affirmatively.,CLIN3DAT,Date of review clinic 3 (DD/MM/YYYY) / Date of review clinic 3 (DD/MM/YYYY)	,$CLIN = '3',Shown when clinical findings is Three,"Kasungu District Hospital Neotree Discharge, NeoDischarge"
Clinical condition then detailed,Sub-fields for a clinical condition only shown if the screening question for that condition was answered affirmatively.,CLIN3OTH,If other clinic 3 where?,$CLIN3 = 'OTH',Shown when clinical finding type 3 is Other,"Kasungu District Hospital Neotree Discharge, NeoDischarge"
Clinical condition then detailed,Sub-fields for a clinical condition only shown if the screening question for that condition was answered affirmatively.,CRT,Capillary Refill time (CRT),$DangerSigns2 = 'PrCRT',Shown when danger signs present is Capillary Refill Time more than 3 seconds,Parirenyatwa Group of Hospitals Admission
Clinical condition then detailed,Sub-fields for a clinical condition only shown if the screening question for that condition was answered affirmatively.,Calcium2R,Final calcium (mmol/l),$Bone2 = true,Shown when follow-up bone disease: Yes,"Parirenyatwa Group of Hospitals Discharge, Sally Mugabe CH Discharge"
Clinical condition then detailed,Sub-fields for a clinical condition only shown if the screening question for that condition was answered affirmatively.,Corrected,Corrected postnatal weeks at discharge or death,$GestBirth < 37 | $Gestation < 37,"Shown when gestational age at birth known is less than 37
Shown when gestational age is less than 37","Bindura Hospital Discharge, Chinhoyi Provincial Hospital Discharge, Parirenyatwa Group of Hospitals Discharge"
Clinical condition then detailed,Sub-fields for a clinical condition only shown if the screening question for that condition was answered affirmatively.,EnvTemp,Environmental cause for temperature,$Temperature < 36.5 or $Temperature > 37.5,Shown when temperature measured is less than 36.5 or temperature measured is greater than 37.5,"Bindura Hospital Admission, Chinhoyi Provincial Hospital Admission, Parirenyatwa Group of Hospitals Admission, Sally Mugabe CH Admission"
Clinical condition then detailed,Sub-fields for a clinical condition only shown if the screening question for that condition was answered affirmatively.,Femorals,Femoral pulses,$DangerSigns2 = 'Wkpulse',Shown when danger signs present is Weak or fast femoral pulses,Parirenyatwa Group of Hospitals Admission
Clinical condition then detailed,Sub-fields for a clinical condition only shown if the screening question for that condition was answered affirmatively.,FeverOns,Fever started,$FeverSR = 'Y' | $FeverSR = true,"Shown when fever on review is Yes
Shown when fever on review: Yes","Bindura Hospital Admission, Chinhoyi Provincial Hospital Admission, Generic PHC Admission, Kasungu District Hospital Neotree Admission, Neotree Admission, Parirenyatwa Group of Hospitals Admission, Sally Mugabe CH Admission"
Clinical condition then detailed,Sub-fields for a clinical condition only shown if the screening question for that condition was answered affirmatively.,FoeBrad,Fetal bradycardia,$FoeHrtDoc = 'Y' and $FoeHrtRec = 'N',"Shown when foetal heart documented is Yes, and foetal heart recorded is No",Parirenyatwa Group of Hospitals Admission
Clinical condition then detailed,Sub-fields for a clinical condition only shown if the screening question for that condition was answered affirmatively.,FoeDec,Fetal decelerations?,$FoeHrtDoc = 'Y' and $FoeHrtRec = 'N',"Shown when foetal heart documented is Yes, and foetal heart recorded is No",Parirenyatwa Group of Hospitals Admission
Clinical condition then detailed,Sub-fields for a clinical condition only shown if the screening question for that condition was answered affirmatively.,FoeDistTime,Time of Foetal Distress and Delivery (minutes),$FoeDist = 'Y',Shown when foetal distress is Yes,Parirenyatwa Group of Hospitals Admission
Clinical condition then detailed,Sub-fields for a clinical condition only shown if the screening question for that condition was answered affirmatively.,FoeHrtRec,Fetal heart recording always normal?,$FoeHrtDoc = 'Y',Shown when foetal heart documented is Yes,Parirenyatwa Group of Hospitals Admission
Clinical condition then detailed,Sub-fields for a clinical condition only shown if the screening question for that condition was answered affirmatively.,FoeTach,Fetal tachycardia?,$FoeHrtDoc = 'Y' and $FoeHrtRec = 'N',"Shown when foetal heart documented is Yes, and foetal heart recorded is No",Parirenyatwa Group of Hospitals Admission
Clinical condition then detailed,Sub-fields for a clinical condition only shown if the screening question for that condition was answered affirmatively.,GastOns,Gastro problems started,$Vomiting != 'Norm',Shown when vomiting present is not NONE,"Bindura Hospital Admission, Chinhoyi Provincial Hospital Admission, Generic PHC Admission, Kasungu District Hospital Neotree Admission, Neotree Admission, Parirenyatwa Group of Hospitals Admission, Sally Mugabe CH Admission"
Clinical condition then detailed,Sub-fields for a clinical condition only shown if the screening question for that condition was answered affirmatively.,Jaundice,Jaundice Kramer staging / Jaundice staging,$YColour = 'Y',Shown when yellow colour (jaundice) is Yes,"Bindura Hospital Admission, Chinhoyi Provincial Hospital Admission, Parirenyatwa Group of Hospitals Admission, Sally Mugabe CH Admission"
Clinical condition then detailed,Sub-fields for a clinical condition only shown if the screening question for that condition was answered affirmatively.,MAG1R,Initial magnesium (mmol/l),$Bone = true,Shown when bone disease present: Yes,"Parirenyatwa Group of Hospitals Discharge, Sally Mugabe CH Discharge"
Clinical condition then detailed,Sub-fields for a clinical condition only shown if the screening question for that condition was answered affirmatively.,Magnesium2R,Final magnesium (mmol/l),$Bone2 = true,Shown when follow-up bone disease: Yes,"Parirenyatwa Group of Hospitals Discharge, Sally Mugabe CH Discharge"
Clinical condition then detailed,Sub-fields for a clinical condition only shown if the screening question for that condition was answered affirmatively.,NeorOns,Neoro problems started,$SRNeuroOther != 'Norm',Shown when other neurological findings is not NONE,"Bindura Hospital Admission, Chinhoyi Provincial Hospital Admission, Generic PHC Admission, Kasungu District Hospital Neotree Admission, Neotree Admission, Parirenyatwa Group of Hospitals Admission, Sally Mugabe CH Admission"
Clinical condition then detailed,Sub-fields for a clinical condition only shown if the screening question for that condition was answered affirmatively.,NeurOns,Neuro problems started,$SRNeuroOther != 'Norm',Shown when other neurological findings is not NONE,Generic PHC Admission
Clinical condition then detailed,Sub-fields for a clinical condition only shown if the screening question for that condition was answered affirmatively.,PHOS1R,Initial phosphate (mmol/l),$Bone = true,Shown when bone disease present: Yes,"Parirenyatwa Group of Hospitals Discharge, Sally Mugabe CH Discharge"
Clinical condition then detailed,Sub-fields for a clinical condition only shown if the screening question for that condition was answered affirmatively.,PROG,Describe progress during admission (if not covered above),$GoodProg = 'OTH',Shown when good prognosis is Additional Information not covered above,"Bindura Hospital Discharge, Chinhoyi Provincial Hospital Discharge"
Clinical condition then detailed,Sub-fields for a clinical condition only shown if the screening question for that condition was answered affirmatively.,Palate,Palate,$Dysmorphic = true,Shown when dysmorphic features present: Yes,"Bindura Hospital Admission, Chinhoyi Provincial Hospital Admission, Parirenyatwa Group of Hospitals Admission, Sally Mugabe CH Admission"
Clinical condition then detailed,Sub-fields for a clinical condition only shown if the screening question for that condition was answered affirmatively.,Phosphate2R,Final phosphate (mmol/l),$Bone2 = true,Shown when follow-up bone disease: Yes,"Parirenyatwa Group of Hospitals Discharge, Sally Mugabe CH Discharge"
Clinical condition then detailed,Sub-fields for a clinical condition only shown if the screening question for that condition was answered affirmatively.,PhxD,Number of days of phototherapy received,$J = 'Y',Shown when jaundice present is On phototherapy,"Bindura Hospital Discharge, Chinhoyi Provincial Hospital Discharge, Parirenyatwa Group of Hospitals Discharge, Sally Mugabe CH Discharge"
Clinical condition then detailed,Sub-fields for a clinical condition only shown if the screening question for that condition was answered affirmatively.,PhxstopD,Date phototherapy stopped,$J = 'Y',Shown when jaundice present is On phototherapy,"Bindura Hospital Discharge, Chinhoyi Provincial Hospital Discharge, Parirenyatwa Group of Hospitals Discharge, Sally Mugabe CH Discharge"
Clinical condition then detailed,Sub-fields for a clinical condition only shown if the screening question for that condition was answered affirmatively.,Postsurgday,Day post surgery,$SurgAdm = 'Y',Shown when surgical condition is Yes,Sally Mugabe CH Discharge
Clinical condition then detailed,Sub-fields for a clinical condition only shown if the screening question for that condition was answered affirmatively.,PremDia,Prematurity Related Diagnosis,$Gestation < 37,Shown when gestational age is less than 37,Parirenyatwa Group of Hospitals Discharge
Clinical condition then detailed,Sub-fields for a clinical condition only shown if the screening question for that condition was answered affirmatively.,ROP,Has the baby been screened for retinopathy of prematurity?,$Gestation < 32,Shown when gestational age is less than 32,Sally Mugabe CH Discharge
Clinical condition then detailed,Sub-fields for a clinical condition only shown if the screening question for that condition was answered affirmatively.,RespOns,Breathing problems started,$RespSR != 'Norm',Shown when respiratory symptoms on review is not NONE,"Bindura Hospital Admission, Chinhoyi Provincial Hospital Admission, Generic PHC Admission, Kasungu District Hospital Neotree Admission, Neotree Admission, Parirenyatwa Group of Hospitals Admission, Sally Mugabe CH Admission"
Clinical condition then detailed,Sub-fields for a clinical condition only shown if the screening question for that condition was answered affirmatively.,SPho,Date phototherapy started,$J = 'Y',Shown when jaundice present is On phototherapy,"Bindura Hospital Discharge, Chinhoyi Provincial Hospital Discharge, Parirenyatwa Group of Hospitals Discharge, Sally Mugabe CH Discharge"
Clinical condition then detailed,Sub-fields for a clinical condition only shown if the screening question for that condition was answered affirmatively.,SurgDate,Date of surgery,$SurgAdm = 'Y',Shown when surgical condition is Yes,Sally Mugabe CH Discharge
Clinical condition then detailed,Sub-fields for a clinical condition only shown if the screening question for that condition was answered affirmatively.,TalipesSev,TalipesSev,$MSKproblems = 'MSKD',Shown when musculoskeletal problems is Musculoskeletal deformities e.g talipes,"Bindura Hospital Admission, Chinhoyi Provincial Hospital Admission, Generic PHC Admission, Kasungu District Hospital Neotree Admission, Neotree Admission, Parirenyatwa Group of Hospitals Admission, Sally Mugabe CH Admission"
Clinical condition then detailed,Sub-fields for a clinical condition only shown if the screening question for that condition was answered affirmatively.,WOB,How severe is the work of breathing? / Work of breathing / Work of breathing ,$SignsRD = 'NFL' or $SignsRD = 'CHI' or $SignsRD = 'HN' or $SignsRD = 'GR' or $SignsRD = 'TT',Shown when signs of respiratory distress is Nasal Flaring or signs of respiratory distress is Chest in-drawings or signs of respiratory distress is Head Nodding or signs of respiratory distress is Grunting or signs of respiratory distress is Tracheal Tug,"Bindura Hospital Admission, Chinhoyi Provincial Hospital Admission, Generic PHC Admission, Kasungu District Hospital Neotree Admission, Neotree Admission, Parirenyatwa Group of Hospitals Admission, Sally Mugabe CH Admission"
Follow-up review,"3-day, 7-day, 6-week, and KMC review details only shown if the relevant review was completed.",CLINREVDAT,Date of review clinic,$REVCLIN = 'Y',Shown when clinical review done is Yes,"Parirenyatwa Group of Hospitals Discharge, Sally Mugabe CH Discharge"
Follow-up review,"3-day, 7-day, 6-week, and KMC review details only shown if the relevant review was completed.",CLINREVDAT3D,Date of 3 days review,$REVCLIN3D = 'Y',Shown when 3-day review done is Yes,"Bindura Hospital Discharge, Chinhoyi Provincial Hospital Discharge"
Follow-up review,"3-day, 7-day, 6-week, and KMC review details only shown if the relevant review was completed.",CLINREVDAT6W,Date of 6 weeks review,$REVCLIN6W = 'Y',Shown when 6-week review done is Yes,"Bindura Hospital Discharge, Chinhoyi Provincial Hospital Discharge"
Follow-up review,"3-day, 7-day, 6-week, and KMC review details only shown if the relevant review was completed.",CLINREVDAT7D,Date of 7 days review,"$REVCLIN7D = ""Y""",Shown when 7-day review done is Yes,"Bindura Hospital Discharge, Chinhoyi Provincial Hospital Discharge"
Follow-up review,"3-day, 7-day, 6-week, and KMC review details only shown if the relevant review was completed.",CLINREVDATKANG,Date of Kangaroo review Clinic,$REVCLINTYPKANG = 'Y',Shown when KMC review type is Yes,Chinhoyi Provincial Hospital Discharge
Follow-up review,"3-day, 7-day, 6-week, and KMC review details only shown if the relevant review was completed.",REVCLINOTH,If other clinic then where?,$REVCLINTYP = 'OTH',Shown when review type is Other clinic,Parirenyatwa Group of Hospitals Discharge
Follow-up review,"3-day, 7-day, 6-week, and KMC review details only shown if the relevant review was completed.",REVCLINTYP,If yes which clinic?,$REVCLIN = 'Y',Shown when clinical review done is Yes,"Parirenyatwa Group of Hospitals Discharge, Sally Mugabe CH Discharge"
Follow-up review,"3-day, 7-day, 6-week, and KMC review details only shown if the relevant review was completed.",REVCLINTYP3D,If yes which clinic?,$REVCLIN3D = 'Y',Shown when 3-day review done is Yes,"Bindura Hospital Discharge, Chinhoyi Provincial Hospital Discharge"
Follow-up review,"3-day, 7-day, 6-week, and KMC review details only shown if the relevant review was completed.",REVCLINTYP6W,If yes which clinic?,$REVCLIN6W = 'Y',Shown when 6-week review done is Yes,"Bindura Hospital Discharge, Chinhoyi Provincial Hospital Discharge"
Follow-up review,"3-day, 7-day, 6-week, and KMC review details only shown if the relevant review was completed.",REVCLINTYP7D,If yes which clinic?,$REVCLIN7D = 'Y',Shown when 7-day review done is Yes,"Bindura Hospital Discharge, Chinhoyi Provincial Hospital Discharge"
Follow-up review,"3-day, 7-day, 6-week, and KMC review details only shown if the relevant review was completed.",ReviewCadre,Cadre of Reviewer,$Review = 'Y',Shown when review done is Yes,"Bindura Hospital Admission, Chinhoyi Provincial Hospital Admission, Generic PHC Admission, Parirenyatwa Group of Hospitals Admission, Sally Mugabe CH Admission"
Follow-up review,"3-day, 7-day, 6-week, and KMC review details only shown if the relevant review was completed.",ReviewID,Reviewer ID,$Review = 'Y',Shown when review done is Yes,"Bindura Hospital Admission, Chinhoyi Provincial Hospital Admission, Generic PHC Admission, Parirenyatwa Group of Hospitals Admission, Sally Mugabe CH Admission"
Follow-up review,"3-day, 7-day, 6-week, and KMC review details only shown if the relevant review was completed.",SPECREVD,Add details of specialty review / Add details of specialty review (add all),$SPECREV = 'Y',Shown when specialist review done is Yes,"Bindura Hospital Discharge, Chinhoyi Provincial Hospital Discharge, Parirenyatwa Group of Hospitals Discharge, Sally Mugabe CH Discharge"
Follow-up review,"3-day, 7-day, 6-week, and KMC review details only shown if the relevant review was completed.",SPECREVTYP,Specialty Review type / Which Speciality?,$SPECREV = 'Y',Shown when specialist review done is Yes,"Bindura Hospital Discharge, Chinhoyi Provincial Hospital Discharge, Parirenyatwa Group of Hospitals Discharge, Sally Mugabe CH Discharge"
Follow-up review,"3-day, 7-day, 6-week, and KMC review details only shown if the relevant review was completed.",SPECREVTYPOth,"If other, what?",$SPECREVTYP = 'Oth',Shown when specialist review type is Other,"Parirenyatwa Group of Hospitals Discharge, Sally Mugabe CH Discharge"
COVID-19 risk screening,Pandemic-era fields gated by a COVID risk screening question. Absent in most records.,CovidConfirmation,Covid19 Diagnosis Confirmation,$DiscCovidRisk = true,Shown when COVID-19 risk: Yes,"Kasungu District Hospital Neotree Discharge, NeoDischarge"
COVID-19 risk screening,Pandemic-era fields gated by a COVID risk screening question. Absent in most records.,CovidRepResults,Covid19 Diagnosis Confirmation,$DiscCovidRisk = true,Shown when COVID-19 risk: Yes,"Kasungu District Hospital Neotree Discharge, NeoDischarge"
Site configuration / identifier fields,HCW electronic signature fields and some demographic fields that are site-specific.,DataEntryNameOther,Enter the Name of Person entering the data,$DataEntryName = 'O',Shown when data entry staff name is Other,DHIS2 Mat Outcomes (Retro Data) - Malawi
Site configuration / identifier fields,HCW electronic signature fields and some demographic fields that are site-specific.,Ethnicity2,"Ethnicity2 / If other, what? / Other Ethnicity",$Ethnicity = 'O',Shown when ethnicity is Other,"Bindura Hospital Admission, Chinhoyi Provincial Hospital Admission, Parirenyatwa Group of Hospitals Admission, Parirenyatwa Group of Hospitals Discharge, Sally Mugabe CH Admission, Sally Mugabe CH Discharge"
Site configuration / identifier fields,HCW electronic signature fields and some demographic fields that are site-specific.,HCWID,Health Care Worker/ Student ID,$HCWSig = 'OTH',Shown when HCW signature (admission) is Other/ Student,"Generic PHC Admission, Kasungu District Hospital Neotree Admission, Kasungu District Hospital Neotree Discharge, Neotree Admission"
Site configuration / identifier fields,HCW electronic signature fields and some demographic fields that are site-specific.,HCWIDDis,Health Care Worker ID / Name,$HCWSigDis = 'OTH',Shown when HCW signature (discharge) is Other,NeoDischarge
Other / miscellaneous,Fields with field-level conditions not fitting the groups above. Review the condition string for clinical interpretation.,Apgar10,Apgar Score at 10 min / Apgar Score at 10 mins / Apgar Score at 10 mins (only do if 5min apgar <7) / Apgar at 10 minutes,$Apgar5 < 7,Shown when Apgar score at 5 minutes is less than 7,"Bindura Hospital Admission, Bindura Hospital Discharge, Chinhoyi Provincial Hospital Admission, Chinhoyi Provincial Hospital Discharge, Generic PHC Admission, Parirenyatwa Group of Hospitals Admission, Parirenyatwa Group of Hospitals Discharge, Sally Mugabe CH Admission, Sally Mugabe CH Discharge"
Other / miscellaneous,Fields with field-level conditions not fitting the groups above. Review the condition string for clinical interpretation.,BFD,Can the baby suck well enough to breastfeed only?,$COIF = 'N',Shown when Are there any reasons why the baby should not be given feeds? (See possible reasons above) is It is safe for the baby to receive feeds by cup...,Neotree Admission
Other / miscellaneous,Fields with field-level conditions not fitting the groups above. Review the condition string for clinical interpretation.,CauseDeathOther,If other what...,$CauseDeath = 'OTH',Shown when Cause of Death is Other,"Parirenyatwa Group of Hospitals Discharge, Sally Mugabe CH Discharge"
Other / miscellaneous,Fields with field-level conditions not fitting the groups above. Review the condition string for clinical interpretation.,DateTimeDeath,Date and Time of Death,$DateTimeDeath > DateLastAttendedBaby,Shown when Death Date and Time is greater than DateLastAttendedBaby,Bindura Hospital Discharge
Other / miscellaneous,Fields with field-level conditions not fitting the groups above. Review the condition string for clinical interpretation.,DiscDiagSurgicalCond,Discharge Diagnosis - Surgical Conditions,$DIAGDIS1 = 'OSC',Shown when discharge diagnosis is Other Surgical Conditions,"Kasungu District Hospital Neotree Discharge, NeoDischarge"
Other / miscellaneous,Fields with field-level conditions not fitting the groups above. Review the condition string for clinical interpretation.,FurtherTriage,Further Triage,$BabyCryTriage = false,Shown when baby crying at triage: No,"Bindura Hospital Admission, Chinhoyi Provincial Hospital Admission, Generic PHC Admission, Kasungu District Hospital Neotree Admission, Neotree Admission, Parirenyatwa Group of Hospitals Admission, Sally Mugabe CH Admission"
Other / miscellaneous,Fields with field-level conditions not fitting the groups above. Review the condition string for clinical interpretation.,HCWSig,Electronic Signature,$PHC = 'Bua' | $PHC = 'CHL' | $PHC = 'CHV' | $PHC = 'KAL' | $PHC = 'KBM' | $PHC = 'KPL' | $PHC = 'KWB' | $PHC = 'MPP' | $PHC = 'SAN' | $PHC = 'SLB',"Shown when Name of Health Care Facility is Bua Health Centre
Shown when Name of Health Care Facility is Chulu Health Centre
Shown when Name of Health Care Facility is Chamwabvi Health Centre
Shown when Name of Health Care Facility is Kaluluma Health Centre
Shown when Name of Health Care Facility is Kamboni Health Centre
Shown when Name of Health Care Facility is Kapelula Health Centre
Shown when Name of Health Care Facility is Kawamba Health Centre
Shown when Name of Health Care Facility is Mpepa Health Centre
Shown when Name of Health Care Facility is Santhe Health Centre
Shown when Name of Health Care Facility is Simlemba Health Centre",Generic PHC Admission
Other / miscellaneous,Fields with field-level conditions not fitting the groups above. Review the condition string for clinical interpretation.,ReasonForReferralOther,Specify the other reason for patient to be referred,$ReasonForReferral = 'O',Shown when Reason for patient to be referred is Other,DHIS2 Mat Outcomes (Retro Data) - Malawi
Other / miscellaneous,Fields with field-level conditions not fitting the groups above. Review the condition string for clinical interpretation.,TTVdoses,Number of Tetanus Vaccine (TTV) received,$TTV = 'Y',Shown when TTV is Yes,"Generic PHC Admission, Kasungu District Hospital Neotree Admission"
